Group,date,price,sales
Bakery,2020-04-04,100.98,3.7
Bakery,2020-04-05,431.26,31.2
Bakery,2020-04-06,1046.97,71.9
Bakery,2020-04-07,2501.54,150.0
Bakery,2020-04-08,4004.21,257.4
Bakery,2020-04-09,4723.94,342.2
Bakery,2020-04-10,6634.94,519.9
Bakery,2020-04-11,5925.42,367.6
Bakery,2020-04-12,4874.22,359.1
Bakery,2020-04-13,4850.62,360.9
Bakery,2020-04-14,5339.53,380.1
Bakery,2020-04-15,5551.42,381.2
Bakery,2020-04-16,8044.09,598.4
Bakery,2020-04-17,6745.55,521.4
Bakery,2020-04-18,5221.099999999999,318.3
Bakery,2020-04-19,1869.59,117.7
Bakery,2020-04-20,2707.38,162.1
Bakery,2020-04-21,4150.28,289.3
Bakery,2020-04-22,3748.05,264.2
Bakery,2020-04-23,5650.57,419.7
Bakery,2020-04-24,6709.38,467.3
Bakery,2020-04-25,5848.19,437.0
Bakery,2020-04-26,4652.03,366.1
Bakery,2020-04-27,4178.4,333.2
Bakery,2020-04-28,5886.389999999999,471.9
Bakery,2020-04-29,5936.45,422.8
Bakery,2020-04-30,7345.57,663.3
Bakery,2020-05-01,8574.27,720.6
Bakery,2020-05-02,5623.45,411.4
Bakery,2020-05-03,5902.92,501.4
Bakery,2020-05-04,5490.8099999999995,453.3
Bakery,2020-05-05,5533.23,437.9
Bakery,2020-05-06,5477.97,496.7
Bakery,2020-05-07,9184.76,749.1
Bakery,2020-05-08,7717.33,639.8
Bakery,2020-05-09,6723.87,573.4
Bakery,2020-05-10,5865.19,493.2
Bakery,2020-05-11,5616.4,448.4
Bakery,2020-05-12,5196.58,433.6
Bakery,2020-05-13,4538.71,449.1
Bakery,2020-05-14,9387.66,712.7
Bakery,2020-05-15,7529.58,620.8
Bakery,2020-05-16,6312.15,519.4
Bakery,2020-05-17,5406.65,488.0
Bakery,2020-05-18,5070.0199999999995,369.4
Bakery,2020-05-19,5191.39,391.0
Bakery,2020-05-20,5188.28,423.5
Bakery,2020-05-21,6600.86,579.9
Bakery,2020-05-22,7110.71,599.5
Bakery,2020-05-23,5368.03,432.8
Bakery,2020-05-24,4801.14,466.9
Bakery,2020-05-25,5910.7,439.8
Bakery,2020-05-26,5846.74,468.3
Bakery,2020-05-27,4322.45,420.5
Bakery,2020-05-28,6730.55,502.0
Bakery,2020-05-29,6930.95,504.1
Bakery,2020-05-30,6191.26,496.8
Bakery,2020-05-31,4247.48,259.5
Bakery,2020-06-01,3850.36,334.5
Bakery,2020-06-02,3859.7799999999997,330.8
Bakery,2020-06-03,3213.74,246.4
Bakery,2020-06-04,5890.49,482.4
Bakery,2020-06-05,6619.41,575.4
Bakery,2020-06-06,4771.18,357.6
Bakery,2020-06-07,4327.0599999999995,329.8
Bakery,2020-06-08,4683.84,347.0
Bakery,2020-06-09,4475.7,382.4
Bakery,2020-06-10,3725.86,309.4
Bakery,2020-06-11,5056.98,433.1
Bakery,2020-06-12,4752.14,446.3
Bakery,2020-06-13,4897.3,441.3
Bakery,2020-06-14,4301.05,443.0
Bakery,2020-06-15,3785.34,313.2
Bakery,2020-06-16,3331.89,331.4
Bakery,2020-06-17,4220.0199999999995,313.6
Bakery,2020-06-18,6003.89,558.2
Bakery,2020-06-19,5032.69,512.6
Bakery,2020-06-20,5094.64,405.5
Bakery,2020-06-21,2897.9,342.9
Bakery,2020-06-22,4033.1,331.1
Bakery,2020-06-23,4810.51,402.1
Bakery,2020-06-24,3573.0099999999998,397.3
Bakery,2020-06-25,4317.01,429.2
Bakery,2020-06-26,4769.23,433.6
Bakery,2020-06-27,4019.96,375.8
Bakery,2020-06-28,3768.94,283.1
Bakery,2020-06-29,4711.7,368.6
Bakery,2020-06-30,4248.69,326.8
Bakery,2020-07-01,3715.44,300.8
Bakery,2020-07-02,5190.16,491.5
Bakery,2020-07-03,4945.92,458.2
Bakery,2020-07-04,3840.99,336.7
Bakery,2020-07-05,3391.69,364.2
Bakery,2020-07-06,4098.83,404.0
Bakery,2020-07-07,4052.74,341.8
Bakery,2020-07-08,4489.17,377.9
Bakery,2020-07-09,4643.45,514.7
Bakery,2020-07-10,4801.67,490.5
Bakery,2020-07-11,4938.46,381.5
Bakery,2020-07-12,3979.69,350.4
Bakery,2020-07-13,4477.04,407.3
Bakery,2020-07-14,3624.14,364.0
Bakery,2020-07-15,3455.37,333.5
Bakery,2020-07-16,5026.46,372.5
Bakery,2020-07-17,3469.11,320.2
Bakery,2020-07-18,4794.93,343.7
Bakery,2020-07-19,3379.8,301.4
Bakery,2020-07-20,4385.37,357.5
Bakery,2020-07-21,4188.46,265.7
Bakery,2020-07-22,3797.19,282.7
Bakery,2020-07-23,2004.5,207.29999999999998
Bakery,2020-07-24,4687.5199999999995,356.6
Bakery,2020-07-25,3195.46,299.3
Bakery,2020-07-26,3610.71,301.4
Bakery,2020-07-27,4256.59,281.2
Bakery,2020-07-28,3028.4,260.5
Bakery,2020-07-29,3400.09,228.8
Bakery,2020-07-30,4791.03,441.7
Bakery,2020-07-31,4564.71,439.4
Bakery,2020-08-01,4137.49,311.0
Bakery,2020-08-02,3557.98,308.5
Bakery,2020-08-03,4495.65,332.2
Bakery,2020-08-04,3369.86,262.9
Bakery,2020-08-05,3060.66,295.4
Bakery,2020-08-06,4832.83,428.6
Bakery,2020-08-07,5912.59,404.2
Bakery,2020-08-08,4009.96,342.1
Bakery,2020-08-09,3959.69,336.1
Bakery,2020-08-10,4371.7,337.0
Bakery,2020-08-11,2684.97,197.9
Bakery,2020-08-12,3647.64,262.8
Bakery,2020-08-13,4947.94,436.1
Bakery,2020-08-14,5013.9,362.1
Bakery,2020-08-15,3166.0299999999997,322.1
Bakery,2020-08-16,4003.48,312.1
Bakery,2020-08-17,4823.87,317.7
Bakery,2020-08-18,3659.86,272.0
Bakery,2020-08-19,4016.18,354.9
Bakery,2020-08-20,4249.71,375.6
Bakery,2020-08-21,4919.63,399.3
Bakery,2020-08-22,4864.5599999999995,388.3
Bakery,2020-08-23,3982.16,331.8
Bakery,2020-08-24,4807.25,324.2
Bakery,2020-08-25,4370.9,343.4
Bakery,2020-08-26,4592.43,318.4
Bakery,2020-08-27,5003.9,463.1
Bakery,2020-08-28,4836.39,427.7
Bakery,2020-08-29,3799.17,370.9
Bakery,2020-08-30,4756.72,435.8
Bakery,2020-08-31,3834.65,383.8
Bakery,2020-09-01,4144.85,418.2
Bakery,2020-09-02,4494.51,350.1
Bakery,2020-09-03,6057.4,615.8
Bakery,2020-09-04,4884.96,516.9
Bakery,2020-09-05,5594.25,590.7
Bakery,2020-09-06,5342.62,490.6
Bakery,2020-09-07,4863.26,425.3
Bakery,2020-09-08,4338.86,399.3
Bakery,2020-09-09,4073.27,494.8
Bakery,2020-09-10,4832.08,472.1
Bakery,2020-09-11,5583.47,538.8
Bakery,2020-09-12,5383.0199999999995,513.8
Bakery,2020-09-13,5018.37,386.0
Bakery,2020-09-14,5324.88,425.5
Bakery,2020-09-15,5024.84,455.0
Bakery,2020-09-16,6469.97,448.7
Bakery,2020-09-17,6440.41,660.3
Bakery,2020-09-18,7582.21,601.8
Bakery,2020-09-19,6422.13,477.9
Bakery,2020-09-20,6095.7,531.7
Bakery,2020-09-21,5716.35,537.2
Bakery,2020-09-22,5899.47,439.8
Bakery,2020-09-23,5550.79,514.4
Bakery,2020-09-24,7638.28,768.7
Bakery,2020-09-25,6616.17,704.8
Bakery,2020-09-26,7457.25,687.0
Bakery,2020-09-27,8231.61,834.2
Bakery,2020-09-28,6373.66,546.3
Bakery,2020-09-29,6467.5,549.4
Bakery,2020-09-30,7703.03,712.8
Bakery,2020-10-01,8827.96,806.8
Bakery,2020-10-02,8586.56,771.5
Bakery,2020-10-03,8729.32,697.1
Bakery,2020-10-04,7948.469999999999,675.8
Bakery,2020-10-05,8486.61,687.9
Bakery,2020-10-06,8962.99,711.0
Bakery,2020-10-07,9421.22,810.5
Bakery,2020-10-08,9256.029999999999,777.8
Bakery,2020-10-09,10407.539999999999,863.5
Bakery,2020-10-10,9020.119999999999,811.2
Bakery,2020-10-11,10185.22,690.2
Bakery,2020-10-12,8327.029999999999,684.4
Bakery,2020-10-13,8612.41,725.9
Bakery,2020-10-14,8921.47,689.5
Bakery,2020-10-15,8314.21,816.1
Bakery,2020-10-16,9651.279999999999,830.4
Bakery,2020-10-17,12326.64,1182.2
Bakery,2020-10-18,9739.57,755.8
Bakery,2020-10-19,8288.24,784.2
Bakery,2020-10-20,10426.36,848.6
Bakery,2020-10-21,9846.19,807.2
Bakery,2020-10-22,10846.99,989.2
Bakery,2020-10-23,11542.17,1027.3
Bakery,2020-10-24,10628.789999999999,926.5
Bakery,2020-10-25,10724.55,915.0
Bakery,2020-10-26,9034.36,889.4
Bakery,2020-10-27,9267.83,869.4
Bakery,2020-10-28,9801.039999999999,876.3
Bakery,2020-10-29,12007.16,1138.9
Bakery,2020-10-30,12326.18,1109.1
Bakery,2020-10-31,13642.31,1102.4
Bakery,2020-11-01,12356.449999999999,1037.1
Bakery,2020-11-02,11357.44,918.2
Bakery,2020-11-03,11676.98,921.4
Bakery,2020-11-04,10116.55,863.3
Bakery,2020-11-05,12850.539999999999,1040.1
Bakery,2020-11-06,12399.83,1129.6
Bakery,2020-11-07,15077.939999999999,1141.7
Bakery,2020-11-08,11667.56,1074.8
Bakery,2020-11-09,10953.83,840.6
Bakery,2020-11-10,9278.029999999999,830.0
Bakery,2020-11-11,12884.22,1054.4
Bakery,2020-11-12,13433.359999999999,1272.2
Bakery,2020-11-13,14589.039999999999,1285.8
Bakery,2020-11-14,15527.039999999999,1434.9
Bakery,2020-11-15,14368.9,1147.4
Bakery,2020-11-16,12026.1,1101.8
Bakery,2020-11-17,13775.48,1210.4
Bakery,2020-11-18,14944.16,1048.2
Bakery,2020-11-19,14565.859999999999,1387.0
Bakery,2020-11-20,17752.13,1550.1
Bakery,2020-11-21,18927.34,1618.2
Bakery,2020-11-22,15773.49,1315.4
Bakery,2020-11-23,14958.039999999999,1130.0
Bakery,2020-11-24,18709.14,1469.2
Bakery,2020-11-25,18881.0,1518.4
Bakery,2020-11-26,20020.73,1892.5
Bakery,2020-11-27,20220.739999999998,1819.4
Bakery,2020-11-28,22413.55,2239.2
Bakery,2020-11-29,20647.87,1905.9
Bakery,2020-11-30,18430.059999999998,1504.9
Bakery,2020-12-01,20309.239999999998,1754.1
Bakery,2020-12-02,19853.5,1554.5
Bakery,2020-12-03,20204.3,1723.6
Bakery,2020-12-04,21555.68,1867.3
Bakery,2020-12-05,23298.079999999998,1938.6
Bakery,2020-12-06,20469.86,1622.3
Bakery,2020-12-07,18837.55,1463.3
Bakery,2020-12-08,21841.53,1690.4
Bakery,2020-12-09,20263.0,1532.6
Bakery,2020-12-10,18417.62,1812.7
Bakery,2020-12-11,21446.44,2206.9
Bakery,2020-12-12,22004.25,2061.8
Bakery,2020-12-13,21609.12,1842.3
Bakery,2020-12-14,20301.04,1675.2
Bakery,2020-12-15,18905.989999999998,1568.9
Bakery,2020-12-16,19157.5,1602.4
Bakery,2020-12-17,22340.06,1702.6
Bakery,2020-12-18,19898.1,1608.5
Bakery,2020-12-19,20525.13,1679.3
Bakery,2020-12-20,18909.22,1455.9
Bakery,2020-12-21,17618.8,1257.3
Bakery,2020-12-22,19901.09,1530.1
Bakery,2020-12-23,20244.75,1512.3
Bakery,2020-12-24,22221.65,1806.7
Bakery,2020-12-25,23969.89,1895.1
Bakery,2020-12-26,20841.94,1584.7
Bakery,2020-12-27,20230.7,1693.1
Bakery,2020-12-28,20734.98,1821.9
Bakery,2020-12-29,22413.56,2133.3
Bakery,2020-12-30,26603.62,3023.1
Bakery,2020-12-31,20385.71,2212.0
Bakery,2021-01-01,9751.039999999999,778.5
Bakery,2021-01-02,17614.75,1454.1
Bakery,2021-01-03,21924.53,1715.3
Bakery,2021-01-04,21804.67,1913.6
Bakery,2021-01-05,24716.6,1955.6
Bakery,2021-01-06,23217.26,1761.0
Bakery,2021-01-07,20022.15,1626.3
Bakery,2021-01-08,23460.51,1880.6
Bakery,2021-01-09,24868.22,2116.1
Bakery,2021-01-10,25474.98,2079.3
Bakery,2021-01-11,23226.32,1784.9
Bakery,2021-01-12,23808.92,2081.9
Bakery,2021-01-13,25942.96,2194.2
Bakery,2021-01-14,24490.1,2209.1
Bakery,2021-01-15,25422.91,2158.2
Bakery,2021-01-16,28059.24,2398.204
Bakery,2021-01-17,27440.51,2659.0
Bakery,2021-01-18,26702.69,2260.6
Bakery,2021-01-19,25589.08,2224.8
Bakery,2021-01-20,25112.48,2250.7
Bakery,2021-01-21,26293.28,2210.2
Bakery,2021-01-22,25748.72,2258.0
Bakery,2021-01-23,25990.51,2122.5
Bakery,2021-01-24,27122.77,2212.8
Bakery,2021-01-25,19645.46,1617.2
Bakery,2021-01-26,23377.38,1784.4
Bakery,2021-01-27,21311.53,1670.0
Bakery,2021-01-28,24911.39,1850.0
Bakery,2021-01-29,24657.1,1915.0
Bakery,2021-01-30,26457.32,2134.2
Bakery,2021-01-31,23549.55,1928.9
Bakery,2021-02-01,23263.97,1770.5
Bakery,2021-02-02,24156.26,1740.1
Bakery,2021-02-03,25140.12,1952.5
Bakery,2021-02-04,26662.75,1984.4
Bakery,2021-02-05,29039.91,2284.0
Bakery,2021-02-06,30134.93,2298.5
Bakery,2021-02-07,30534.77,2479.4
Bakery,2021-02-08,28925.73,2151.4
Bakery,2021-02-09,28203.16,2164.1
Bakery,2021-02-10,28703.99,2061.8
Bakery,2021-02-11,29348.07,2581.3
Bakery,2021-02-12,30555.04,2436.4
Bakery,2021-02-13,32727.67,2730.2
Bakery,2021-02-14,28829.829999999998,2322.5
Bakery,2021-02-15,27775.47,1961.4
Bakery,2021-02-16,29875.4,2365.4
Bakery,2021-02-17,30053.52,2340.2
Bakery,2021-02-18,30708.8,2909.0
Bakery,2021-02-19,31360.39,2707.0
Bakery,2021-02-20,28480.42,2799.3
Bakery,2021-02-21,30815.79,2533.1
Bakery,2021-02-22,25777.15,2194.4
Bakery,2021-02-23,26592.31,2264.2
Bakery,2021-02-24,28665.32,2388.7
Bakery,2021-02-25,25595.51,2088.0
Bakery,2021-02-26,28852.16,2176.9
Bakery,2021-02-27,31465.98,2558.8
Bakery,2021-02-28,29636.55,2402.6
Bakery,2021-03-01,25676.44,1938.9
Bakery,2021-03-02,27018.07,2021.6
Bakery,2021-03-03,25318.29,1847.8
Bakery,2021-03-04,22569.7,1725.1
Bakery,2021-03-05,30591.32,2533.5
Bakery,2021-03-06,28379.06,2357.4
Bakery,2021-03-07,30252.829999999998,2502.4
Bakery,2021-03-08,24497.23,2087.6
Bakery,2021-03-09,26059.29,2151.5
Bakery,2021-03-10,27200.13,1997.9
Bakery,2021-03-11,30873.56,2305.1
Bakery,2021-03-12,31507.4,2680.7
Bakery,2021-03-13,31951.579999999998,2745.6
Bakery,2021-03-14,32793.2,2649.3
Bakery,2021-03-15,30135.95,2420.3
Bakery,2021-03-16,26785.34,2280.0
Bakery,2021-03-17,30523.1,2367.1
Bakery,2021-03-18,31628.45,2928.9
Bakery,2021-03-19,36276.69,3067.7
Bakery,2021-03-20,36492.15,3446.7
Bakery,2021-03-21,33004.26,3003.3
Bakery,2021-03-22,33466.14,2821.9
Bakery,2021-03-23,34164.24,2953.9
Bakery,2021-03-24,33705.24,2832.4
Bakery,2021-03-25,32999.87,2725.84
Bakery,2021-03-26,32257.24,2713.5
Bakery,2021-03-27,32804.99,2931.4
Bakery,2021-03-28,31254.03,2618.5
Bakery,2021-03-29,31123.09,2471.6
Bakery,2021-03-30,28974.24,2324.6
Bakery,2021-03-31,31441.91,2356.8
Bakery,2021-04-01,31669.36,2527.9
Bakery,2021-04-02,36487.07,3134.8
Bakery,2021-04-03,35347.84,2979.7
Bakery,2021-04-04,36331.7,2975.3
Bakery,2021-04-05,30973.09,2486.9
Bakery,2021-04-06,33664.39,2666.5
Bakery,2021-04-07,34404.67,2824.9
Bakery,2021-04-08,35631.05,2856.0
Bakery,2021-04-09,35074.37,2933.0
Bakery,2021-04-10,32346.64,2717.4
Bakery,2021-04-11,32035.54,2745.2
Bakery,2021-04-12,33943.51,2777.2
Bakery,2021-04-13,33040.87,2659.6
Bakery,2021-04-14,31627.22,2745.2
Bakery,2021-04-15,37736.03,3372.5
Bakery,2021-04-16,39542.0,3626.9
Bakery,2021-04-17,36156.35,3461.0
Bakery,2021-04-18,35099.72,3110.7
Bakery,2021-04-19,31230.36,2646.6
Bakery,2021-04-20,32129.16,2922.6
Bakery,2021-04-21,31443.84,2634.1
Bakery,2021-04-22,32232.35,2663.1
Bakery,2021-04-23,30460.06,2632.7
Bakery,2021-04-24,33498.86,2942.8
Bakery,2021-04-25,33991.06,2855.6
Bakery,2021-04-26,32293.11,2561.6
Bakery,2021-04-27,32457.01,2579.0
Bakery,2021-04-28,26941.37,2355.6
Bakery,2021-04-29,29854.94,2479.6
Bakery,2021-04-30,32985.46,2886.0
Bakery,2021-05-01,27006.88,2256.0
Bakery,2021-05-02,17535.2,1176.5
Bakery,2021-05-03,22851.74,1746.3
Bakery,2021-05-04,24323.29,2065.7
Bakery,2021-05-05,26058.68,1864.9
Bakery,2021-05-06,25715.73,2193.7
Bakery,2021-05-07,25456.71,2212.2
Bakery,2021-05-08,31412.48,2863.8
Bakery,2021-05-09,23474.9,1961.0
Bakery,2021-05-10,25470.5,2095.2
Bakery,2021-05-11,26515.45,2157.4
Bakery,2021-05-12,27009.81,2169.7
Bakery,2021-05-13,29948.81,2749.9
Bakery,2021-05-14,31713.79,2827.1
Bakery,2021-05-15,29061.89,2835.0
Bakery,2021-05-16,28306.97,2539.4
Bakery,2021-05-17,28324.03,2678.0
Bakery,2021-05-18,29680.05,2791.5
Bakery,2021-05-19,30573.95,2691.3
Bakery,2021-05-20,31855.29,3190.1
Bakery,2021-05-21,29376.06,2937.1
Bakery,2021-05-22,26181.38,2723.2
Bakery,2021-05-23,33999.08,3001.2
Bakery,2021-05-24,33626.6,3061.0
Bakery,2021-05-25,26355.76,2475.5
Bakery,2021-05-26,27843.19,2463.9
Bakery,2021-05-27,25737.89,2343.9
Bakery,2021-05-28,29209.0,2506.4
Bakery,2021-05-29,31194.93,2745.3
Bakery,2021-05-30,30816.69,2638.7
Bakery,2021-05-31,28910.77,2529.8
Bakery,2021-06-01,29125.18,2511.3
Bakery,2021-06-02,30286.71,2647.4
Bakery,2021-06-03,30710.84,2487.8
Bakery,2021-06-04,28585.12,2485.2
Bakery,2021-06-05,28884.26,2493.3
Bakery,2021-06-06,31195.85,2554.2
Bakery,2021-06-07,28644.06,2308.4
Bakery,2021-06-08,26204.98,2177.0
Bakery,2021-06-09,28468.61,2272.0
Bakery,2021-06-10,28855.85,2294.4
Bakery,2021-06-11,27012.09,2453.4
Bakery,2021-06-12,26914.97,2200.3
Bakery,2021-06-13,30560.7,2584.7
Bakery,2021-06-14,26448.02,2255.1
Bakery,2021-06-15,26925.31,2048.3
Bakery,2021-06-16,26754.22,2181.2
Bakery,2021-06-17,27257.91,2216.9
Bakery,2021-06-18,27012.27,2377.4
Bakery,2021-06-19,25796.08,2275.4
Bakery,2021-06-20,24133.41,2211.9
Bakery,2021-06-21,27125.26,2363.9
Bakery,2021-06-22,26442.15,2186.4
Bakery,2021-06-23,23950.53,2148.0
Bakery,2021-06-24,26060.73,2369.1
Bakery,2021-06-25,26676.42,2463.7
Bakery,2021-06-26,25362.29,2387.3
Bakery,2021-06-27,26724.41,2267.6
Bakery,2021-06-28,28710.62,2526.4
Bakery,2021-06-29,26382.05,2373.9
Bakery,2021-06-30,25013.16,2086.5
Bakery,2021-07-01,27329.81,2192.3
Bakery,2021-07-02,26777.24,2413.6
Bakery,2021-07-03,27875.36,2430.1
Bakery,2021-07-04,27940.34,2266.2
Bakery,2021-07-05,25693.39,2094.4
Cheese,2020-04-04,851.97,3.2
Cheese,2020-04-05,2930.19,9.4
Cheese,2020-04-06,6381.27,13.5
Cheese,2020-04-07,10433.7,23.2
Cheese,2020-04-08,16743.94,39.4
Cheese,2020-04-09,21417.28,52.6
Cheese,2020-04-10,32668.76,84.5
Cheese,2020-04-11,21918.76,49.8
Cheese,2020-04-12,21457.27,43.5
Cheese,2020-04-13,20572.32,40.9
Cheese,2020-04-14,26919.46,56.5
Cheese,2020-04-15,32266.11,67.0
Cheese,2020-04-16,52519.94,119.9
Cheese,2020-04-17,50263.08,114.3
Cheese,2020-04-18,25517.06,55.0
Cheese,2020-04-19,14677.36,29.0
Cheese,2020-04-20,14333.37,26.9
Cheese,2020-04-21,25614.58,49.9
Cheese,2020-04-22,24792.28,44.0
Cheese,2020-04-23,24826.99,52.7
Cheese,2020-04-24,25237.86,56.9
Cheese,2020-04-25,20272.96,47.4
Cheese,2020-04-26,13447.1,30.1
Cheese,2020-04-27,12459.66,26.3
Cheese,2020-04-28,14482.4,31.7
Cheese,2020-04-29,16000.49,25.7
Cheese,2020-04-30,34301.85,110.8
Cheese,2020-05-01,29222.78,92.8
Cheese,2020-05-02,25457.32,62.5
Cheese,2020-05-03,24162.66,58.9
Cheese,2020-05-04,21692.96,49.8
Cheese,2020-05-05,19304.67,47.0
Cheese,2020-05-06,22973.87,55.8
Cheese,2020-05-07,22514.46,45.9
Cheese,2020-05-08,18469.89,37.4
Cheese,2020-05-09,12463.1,21.5
Cheese,2020-05-10,13890.14,23.0
Cheese,2020-05-11,15583.09,27.4
Cheese,2020-05-12,12920.08,24.4
Cheese,2020-05-13,14897.01,28.9
Cheese,2020-05-14,25987.77,56.4
Cheese,2020-05-15,26773.56,53.6
Cheese,2020-05-16,19622.14,36.8
Cheese,2020-05-17,17398.71,29.400000000000002
Cheese,2020-05-18,14955.89,25.9
Cheese,2020-05-19,19533.14,37.3
Cheese,2020-05-20,14653.710000000001,25.7
Cheese,2020-05-21,15841.9,25.8
Cheese,2020-05-22,14796.32,27.3
Cheese,2020-05-23,11911.92,20.7
Cheese,2020-05-24,9241.8,18.8
Cheese,2020-05-25,10675.95,17.8
Cheese,2020-05-26,11793.82,22.1
Cheese,2020-05-27,7534.66,12.0
Cheese,2020-05-28,13423.2,22.0
Cheese,2020-05-29,11090.08,13.7
Cheese,2020-05-30,10293.4,17.900000000000002
Cheese,2020-05-31,7399.09,8.5
Cheese,2020-06-01,7363.59,9.4
Cheese,2020-06-02,6953.1,10.1
Cheese,2020-06-03,6252.82,7.8999999999999995
Cheese,2020-06-04,9620.62,16.7
Cheese,2020-06-05,10964.38,15.0
Cheese,2020-06-06,7249.99,10.5
Cheese,2020-06-07,8891.94,12.9
Cheese,2020-06-08,4838.06,7.5
Cheese,2020-06-09,5828.13,8.6
Cheese,2020-06-10,9245.63,12.2
Cheese,2020-06-11,11168.97,15.5
Cheese,2020-06-12,8424.66,11.0
Cheese,2020-06-13,9507.02,14.0
Cheese,2020-06-14,7249.99,11.7
Cheese,2020-06-15,10299.6,16.4
Cheese,2020-06-16,5167.35,7.2
Cheese,2020-06-17,9203.03,15.9
Cheese,2020-06-18,37677.35,120.5
Cheese,2020-06-19,33486.61,106.60000000000001
Cheese,2020-06-20,28800.18,73.8
Cheese,2020-06-21,22877.73,54.3
Cheese,2020-06-22,24474.49,64.2
Cheese,2020-06-23,21768.88,58.8
Cheese,2020-06-24,19427.95,49.2
Cheese,2020-06-25,26844.39,80.2
Cheese,2020-06-26,24322.69,69.1
Cheese,2020-06-27,17201.149999999998,45.9
Cheese,2020-06-28,12704.74,29.9
Cheese,2020-06-29,15273.25,32.9
Cheese,2020-06-30,17528.35,41.3
Cheese,2020-07-01,13224.689999999999,32.2
Cheese,2020-07-02,13380.15,23.6
Cheese,2020-07-03,13312.66,25.7
Cheese,2020-07-04,10711.36,17.4
Cheese,2020-07-05,9079.1,16.8
Cheese,2020-07-06,8837.7,14.4
Cheese,2020-07-07,11867.31,17.5
Cheese,2020-07-08,6465.79,11.4
Cheese,2020-07-09,22285.32,55.2
Cheese,2020-07-10,20752.51,50.6
Cheese,2020-07-11,16883.97,37.3
Cheese,2020-07-12,17268.67,38.7
Cheese,2020-07-13,15356.93,37.6
Cheese,2020-07-14,15226.52,33.5
Cheese,2020-07-15,10387.21,21.3
Cheese,2020-07-16,12673.39,18.1
Cheese,2020-07-17,7457.17,11.9
Cheese,2020-07-18,9548.3,18.3
Cheese,2020-07-19,9095.31,13.7
Cheese,2020-07-20,8035.45,11.2
Cheese,2020-07-21,5737.83,11.6
Cheese,2020-07-22,5954.62,9.0
Cheese,2020-07-23,19655.79,63.2
Cheese,2020-07-24,34451.03,92.4
Cheese,2020-07-25,21535.25,53.8
Cheese,2020-07-26,21395.8,48.5
Cheese,2020-07-27,17273.51,47.0
Cheese,2020-07-28,21647.55,52.2
Cheese,2020-07-29,18768.96,47.300000000000004
Cheese,2020-07-30,11805.31,20.8
Cheese,2020-07-31,12882.279999999999,22.8
Cheese,2020-08-01,12195.199999999999,20.6
Cheese,2020-08-02,11759.52,19.1
Cheese,2020-08-03,8662.72,15.200000000000001
Cheese,2020-08-04,7120.87,10.3
Cheese,2020-08-05,7044.08,11.9
Cheese,2020-08-06,21060.8,53.1
Cheese,2020-08-07,15894.82,54.4
Cheese,2020-08-08,17338.28,38.5
Cheese,2020-08-09,14480.69,30.0
Cheese,2020-08-10,15563.74,29.3
Cheese,2020-08-11,11200.69,23.9
Cheese,2020-08-12,9756.23,21.1
Cheese,2020-08-13,16479.23,32.2
Cheese,2020-08-14,17889.17,34.6
Cheese,2020-08-15,16717.72,30.0
Cheese,2020-08-16,13547.44,22.2
Cheese,2020-08-17,15331.369999999999,30.6
Cheese,2020-08-18,9312.789999999999,14.1
Cheese,2020-08-19,10759.83,16.6
Cheese,2020-08-20,22150.67,57.4
Cheese,2020-08-21,21875.989999999998,52.0
Cheese,2020-08-22,16700.6,35.3
Cheese,2020-08-23,13570.41,27.0
Cheese,2020-08-24,14690.96,35.0
Cheese,2020-08-25,16957.809999999998,42.5
Cheese,2020-08-26,15685.06,31.7
Cheese,2020-08-27,23117.2,54.2
Cheese,2020-08-28,22309.91,55.7
Cheese,2020-08-29,19544.95,41.6
Cheese,2020-08-30,17270.92,44.9
Cheese,2020-08-31,19119.46,45.1
Cheese,2020-09-01,18481.09,45.6
Cheese,2020-09-02,16137.46,37.7
Cheese,2020-09-03,17712.3,64.0
Cheese,2020-09-04,17531.13,43.5
Cheese,2020-09-05,16748.3,35.5
Cheese,2020-09-06,13258.21,27.2
Cheese,2020-09-07,11359.57,25.2
Cheese,2020-09-08,12965.82,29.2
Cheese,2020-09-09,11107.69,23.3
Cheese,2020-09-10,12100.91,20.3
Cheese,2020-09-11,11740.13,19.3
Cheese,2020-09-12,11542.64,21.2
Cheese,2020-09-13,9113.92,12.1
Cheese,2020-09-14,7571.86,11.4
Cheese,2020-09-15,7763.05,13.4
Cheese,2020-09-16,12153.94,16.6
Cheese,2020-09-17,14871.73,25.4
Cheese,2020-09-18,22330.1,41.3
Cheese,2020-09-19,17109.95,25.8
Cheese,2020-09-20,17199.08,25.8
Cheese,2020-09-21,16997.66,26.0
Cheese,2020-09-22,13123.99,18.3
Cheese,2020-09-23,17582.36,26.3
Cheese,2020-09-24,29882.43,79.0
Cheese,2020-09-25,31241.09,82.7
Cheese,2020-09-26,26741.85,68.2
Cheese,2020-09-27,25218.61,67.0
Cheese,2020-09-28,21165.38,48.3
Cheese,2020-09-29,22332.97,50.6
Cheese,2020-09-30,27491.28,62.4
Cheese,2020-10-01,31546.710000000003,72.0
Cheese,2020-10-02,34499.61,83.8
Cheese,2020-10-03,25098.600000000002,60.9
Cheese,2020-10-04,24632.75,56.9
Cheese,2020-10-05,25685.420000000002,58.5
Cheese,2020-10-06,30384.16,60.1
Cheese,2020-10-07,31412.940000000002,76.6
Cheese,2020-10-08,45805.82,117.6
Cheese,2020-10-09,40703.92,106.7
Cheese,2020-10-10,39365.24,94.5
Cheese,2020-10-11,35477.13,81.5
Cheese,2020-10-12,35986.79,82.6
Cheese,2020-10-13,40008.54,90.1
Cheese,2020-10-14,28680.760000000002,64.8
Cheese,2020-10-15,25063.02,48.3
Cheese,2020-10-16,24989.63,53.8
Cheese,2020-10-17,33063.96,73.5
Cheese,2020-10-18,27164.760000000002,54.4
Cheese,2020-10-19,16330.35,27.3
Cheese,2020-10-20,22569.21,34.7
Cheese,2020-10-21,17682.06,26.2
Cheese,2020-10-22,31810.55,67.5
Cheese,2020-10-23,33803.61,73.6
Cheese,2020-10-24,25062.48,50.1
Cheese,2020-10-25,29089.25,60.8
Cheese,2020-10-26,25878.95,64.4
Cheese,2020-10-27,28456.77,59.800000000000004
Cheese,2020-10-28,27368.58,56.5
Cheese,2020-10-29,62609.08,202.7
Cheese,2020-10-30,49917.16,163.4
Cheese,2020-10-31,54636.92,166.4
Cheese,2020-11-01,46593.2,160.2
Cheese,2020-11-02,45975.5,128.5
Cheese,2020-11-03,48294.76,132.6
Cheese,2020-11-04,44951.4,111.0
Cheese,2020-11-05,31861.81,67.9
Cheese,2020-11-06,41814.05,80.9
Cheese,2020-11-07,41263.83,85.1
Cheese,2020-11-08,34090.55,70.8
Cheese,2020-11-09,29075.25,59.4
Cheese,2020-11-10,27488.78,60.2
Cheese,2020-11-11,36391.6,71.8
Cheese,2020-11-12,36402.67,58.0
Cheese,2020-11-13,45545.26,71.2
Cheese,2020-11-14,45922.75,72.8
Cheese,2020-11-15,42969.24,59.2
Cheese,2020-11-16,30852.97,45.1
Cheese,2020-11-17,36596.3,56.5
Cheese,2020-11-18,36799.8,55.2
Cheese,2020-11-19,38488.270000000004,56.5
Cheese,2020-11-20,40837.3,63.6
Cheese,2020-11-21,40990.51,63.300000000000004
Cheese,2020-11-22,35447.75,49.1
Cheese,2020-11-23,36479.840000000004,52.6
Cheese,2020-11-24,35284.87,42.6
Cheese,2020-11-25,34344.19,46.0
Cheese,2020-11-26,47305.97,56.9
Cheese,2020-11-27,45969.0,56.2
Cheese,2020-11-28,57576.69,71.3
Cheese,2020-11-29,51237.18,68.0
Cheese,2020-11-30,43453.55,56.2
Cheese,2020-12-01,49852.52,73.9
Cheese,2020-12-02,51733.08,98.7
Cheese,2020-12-03,90397.22,288.3
Cheese,2020-12-04,94590.09,225.7
Cheese,2020-12-05,83667.20999999999,189.6
Cheese,2020-12-06,74687.17,161.8
Cheese,2020-12-07,68913.4,149.3
Cheese,2020-12-08,69224.31,143.4
Cheese,2020-12-09,65829.4,132.5
Cheese,2020-12-10,74589.8,203.4
Cheese,2020-12-11,78829.47,203.6
Cheese,2020-12-12,83379.78,209.2
Cheese,2020-12-13,74004.44,182.8
Cheese,2020-12-14,69209.95,139.7
Cheese,2020-12-15,59803.16,141.1
Cheese,2020-12-16,56370.33,109.9
Cheese,2020-12-17,54293.8,112.5
Cheese,2020-12-18,53826.02,113.9
Cheese,2020-12-19,48564.92,98.6
Cheese,2020-12-20,48242.33,92.1
Cheese,2020-12-21,54488.64,99.4
Cheese,2020-12-22,44539.51,83.4
Cheese,2020-12-23,56754.57,101.4
Cheese,2020-12-24,85898.49,208.1
Cheese,2020-12-25,79548.45,171.3
Cheese,2020-12-26,76673.86,153.1
Cheese,2020-12-27,71861.3,136.9
Cheese,2020-12-28,81085.22,156.1
Cheese,2020-12-29,105779.52,235.9
Cheese,2020-12-30,108526.61,244.8
Cheese,2020-12-31,59835.23,100.5
Cheese,2021-01-01,14354.75,22.400000000000002
Cheese,2021-01-02,29188.329999999998,44.4
Cheese,2021-01-03,41714.89,70.7
Cheese,2021-01-04,53600.2,100.7
Cheese,2021-01-05,66401.21,122.4
Cheese,2021-01-06,59063.14,110.5
Cheese,2021-01-07,45679.97,71.9
Cheese,2021-01-08,54821.08,88.7
Cheese,2021-01-09,63326.92,104.9
Cheese,2021-01-10,53502.81,92.4
Cheese,2021-01-11,57444.18,77.6
Cheese,2021-01-12,53391.409999999996,72.2
Cheese,2021-01-13,61564.89,77.7
Cheese,2021-01-14,123159.21,343.8
Cheese,2021-01-15,110932.29000000001,294.8
Cheese,2021-01-16,117822.15,318.105
Cheese,2021-01-17,114672.9,306.3
Cheese,2021-01-18,110728.6,271.8
Cheese,2021-01-19,106416.49,246.5
Cheese,2021-01-20,98007.49,224.8
Cheese,2021-01-21,73479.77,110.7
Cheese,2021-01-22,67915.74,101.3
Cheese,2021-01-23,68345.03,97.6
Cheese,2021-01-24,67205.43,90.0
Cheese,2021-01-25,51996.21,70.6
Cheese,2021-01-26,54046.33,73.7
Cheese,2021-01-27,52877.95,70.9
Cheese,2021-01-28,58894.3,69.2
Cheese,2021-01-29,59110.28,74.2
Cheese,2021-01-30,54977.59,71.2
Cheese,2021-01-31,51609.19,60.5
Cheese,2021-02-01,51290.6,60.9
Cheese,2021-02-02,55153.91,65.8
Cheese,2021-02-03,50279.61,60.6
Cheese,2021-02-04,104576.23,324.3
Cheese,2021-02-05,94503.23,292.5
Cheese,2021-02-06,98398.88,309.8
Cheese,2021-02-07,98043.65,283.3
Cheese,2021-02-08,79375.63,222.9
Cheese,2021-02-09,86234.32,240.20000000000002
Cheese,2021-02-10,82183.0,214.0
Cheese,2021-02-11,110231.16,305.9
Cheese,2021-02-12,106972.02,266.7
Cheese,2021-02-13,116006.16,279.5
Cheese,2021-02-14,95031.89,198.05
Cheese,2021-02-15,88503.76,185.5
Cheese,2021-02-16,96744.86,197.1
Cheese,2021-02-17,93616.78,204.8
Cheese,2021-02-18,64692.18,92.5
Cheese,2021-02-19,62852.3,86.3
Cheese,2021-02-20,66067.75,88.2
Cheese,2021-02-21,56518.11,73.5
Cheese,2021-02-22,53499.62,72.9
Cheese,2021-02-23,50501.78,65.5
Cheese,2021-02-24,52939.75,67.4
Cheese,2021-02-25,68363.68,171.1
Cheese,2021-02-26,74818.3,178.6
Cheese,2021-02-27,82455.99,204.4
Cheese,2021-02-28,72371.19,158.391
Cheese,2021-03-01,67789.03,149.7
Cheese,2021-03-02,76471.97,177.1
Cheese,2021-03-03,74906.61,144.1
Cheese,2021-03-04,105205.06,258.4
Cheese,2021-03-05,118318.65,296.7
Cheese,2021-03-06,108037.24,262.0
Cheese,2021-03-07,114976.41,272.2
Cheese,2021-03-08,94913.62,194.7
Cheese,2021-03-09,86358.39,175.508
Cheese,2021-03-10,85223.4,173.818
Cheese,2021-03-11,75486.19,153.1
Cheese,2021-03-12,78447.47,164.992
Cheese,2021-03-13,81808.37,152.1
Cheese,2021-03-14,76713.45,144.8
Cheese,2021-03-15,71235.08,132.3
Cheese,2021-03-16,63649.96,103.1
Cheese,2021-03-17,76660.42,112.2
Cheese,2021-03-18,104420.81999999999,334.4
Cheese,2021-03-19,103693.06999999999,314.3
Cheese,2021-03-20,110457.38,332.5
Cheese,2021-03-21,98715.69,259.3
Cheese,2021-03-22,93020.26,238.5
Cheese,2021-03-23,85671.77,218.7
Cheese,2021-03-24,87231.92,229.0
Cheese,2021-03-25,88612.77,138.6
Cheese,2021-03-26,81673.04,132.8
Cheese,2021-03-27,78168.01,122.8
Cheese,2021-03-28,78877.53,108.7
Cheese,2021-03-29,64254.43,90.4
Cheese,2021-03-30,75346.12,99.7
Cheese,2021-03-31,63697.02,96.1
Cheese,2021-04-01,81307.08,185.6
Cheese,2021-04-02,98157.71,242.8
Cheese,2021-04-03,86618.8,222.7
Cheese,2021-04-04,96805.51,223.5
Cheese,2021-04-05,73974.07,187.7
Cheese,2021-04-06,86961.44,211.1
Cheese,2021-04-07,98375.89,218.575
Cheese,2021-04-08,93175.59,243.075
Cheese,2021-04-09,94208.44,250.8
Cheese,2021-04-10,91681.67,228.70000000000002
Cheese,2021-04-11,79715.62,177.8
Cheese,2021-04-12,85114.20999999999,188.0
Cheese,2021-04-13,69908.06,148.327
Cheese,2021-04-14,78816.23,156.625
Cheese,2021-04-15,124910.58,347.653
Cheese,2021-04-16,126219.65000000001,314.6
Cheese,2021-04-17,119636.0,289.3
Cheese,2021-04-18,105563.08,245.0
Cheese,2021-04-19,92128.13,197.5
Cheese,2021-04-20,95418.75,221.4
Cheese,2021-04-21,89200.18000000001,195.4
Cheese,2021-04-22,70256.09,130.6
Cheese,2021-04-23,71809.2,125.10000000000001
Cheese,2021-04-24,68827.24,121.7
Cheese,2021-04-25,73539.62,119.3
Cheese,2021-04-26,61008.56,101.53
Cheese,2021-04-27,67871.53,120.5
Cheese,2021-04-28,72709.83,123.60000000000001
Cheese,2021-04-29,111615.69,262.1
Cheese,2021-04-30,115333.95,291.5
Cheese,2021-05-01,95453.38,196.1
Cheese,2021-05-02,52923.340000000004,93.3
Cheese,2021-05-03,71088.77,133.0
Cheese,2021-05-04,82356.27,157.0
Cheese,2021-05-05,72162.71,138.0
Cheese,2021-05-06,67973.57,127.3
Cheese,2021-05-07,60392.25,106.9
Cheese,2021-05-08,67171.46,120.3
Cheese,2021-05-09,59281.29,94.4
Cheese,2021-05-10,49994.76,82.6
Cheese,2021-05-11,56943.36,88.9
Cheese,2021-05-12,57014.98,87.1
Cheese,2021-05-13,63716.83,92.6
Cheese,2021-05-14,57073.23,86.4
Cheese,2021-05-15,56357.54,87.3
Cheese,2021-05-16,56039.88,76.2
Cheese,2021-05-17,60662.28,73.7
Cheese,2021-05-18,54241.14,67.7
Cheese,2021-05-19,71641.11,80.0
Cheese,2021-05-20,122297.32,340.0
Cheese,2021-05-21,119446.42,301.7
Cheese,2021-05-22,99066.81,244.2
Cheese,2021-05-23,106450.73,247.20000000000002
Cheese,2021-05-24,111012.58,242.3
Cheese,2021-05-25,95713.09,218.8
Cheese,2021-05-26,91131.67,186.1
Cheese,2021-05-27,102773.76,266.2
Cheese,2021-05-28,105314.81,241.4
Cheese,2021-05-29,105618.79,257.5
Cheese,2021-05-30,103862.15,237.9
Cheese,2021-05-31,94299.3,213.5
Cheese,2021-06-01,86981.55,201.3
Cheese,2021-06-02,87665.82,191.3
Cheese,2021-06-03,89306.34999999999,217.2
Cheese,2021-06-04,85288.7,209.1
Cheese,2021-06-05,81857.26,187.9
Cheese,2021-06-06,83607.75,184.6
Cheese,2021-06-07,79809.69,169.4
Cheese,2021-06-08,71762.54,152.6
Cheese,2021-06-09,54757.57,109.2
Cheese,2021-06-10,78472.13,141.25
Cheese,2021-06-11,71968.24,123.25
Cheese,2021-06-12,68467.89,105.0
Cheese,2021-06-13,73863.09,117.618
Cheese,2021-06-14,67168.91,95.3
Cheese,2021-06-15,63909.78,91.8
Cheese,2021-06-16,74108.13,124.1
Cheese,2021-06-17,70506.65,119.5
Cheese,2021-06-18,70219.68000000001,114.65
Cheese,2021-06-19,65493.12,105.35
Cheese,2021-06-20,52386.78,80.0
Cheese,2021-06-21,70756.85,108.35
Cheese,2021-06-22,59345.05,93.5
Cheese,2021-06-23,57521.32,91.6
Cheese,2021-06-24,105765.25,294.9
Cheese,2021-06-25,103016.67,267.531
Cheese,2021-06-26,99204.71,252.3
Cheese,2021-06-27,99514.67,236.85
Cheese,2021-06-28,95529.22,238.2
Cheese,2021-06-29,90337.38,214.05
Cheese,2021-06-30,92935.89,206.577
Cheese,2021-07-01,93873.27,177.0
Cheese,2021-07-02,89073.8,171.9
Cheese,2021-07-03,88299.41,171.13
Cheese,2021-07-04,78263.95,126.95
Cheese,2021-07-05,79743.97,143.6
Mineral water,2020-01-27,40.59,1.0
Mineral water,2020-02-26,32.79,2.0
Mineral water,2020-02-27,32.79,2.0
Mineral water,2020-03-03,36.89,2.0
Mineral water,2020-04-02,71.58000000000001,6.0
Mineral water,2020-04-04,40.59,2.0
Mineral water,2020-04-05,274.27,53.0
Mineral water,2020-04-06,413.51,44.0
Mineral water,2020-04-07,601.67,120.0
Mineral water,2020-04-08,670.92,115.0
Mineral water,2020-04-09,733.6999999999999,150.0
Mineral water,2020-04-10,1106.75,199.0
Mineral water,2020-04-11,1117.67,175.0
Mineral water,2020-04-12,1301.48,256.0
Mineral water,2020-04-13,994.05,130.0
Mineral water,2020-04-14,1011.53,148.0
Mineral water,2020-04-15,1036.18,184.0
Mineral water,2020-04-16,2166.86,402.0
Mineral water,2020-04-17,2392.46,475.0
Mineral water,2020-04-18,1473.79,307.0
Mineral water,2020-04-19,688.75,118.0
Mineral water,2020-04-20,844.68,126.0
Mineral water,2020-04-21,1195.21,221.0
Mineral water,2020-04-22,1379.1299999999999,314.0
Mineral water,2020-04-23,1747.34,311.0
Mineral water,2020-04-24,2032.79,415.0
Mineral water,2020-04-25,1320.4,272.0
Mineral water,2020-04-26,1318.92,251.0
Mineral water,2020-04-27,1207.93,210.0
Mineral water,2020-04-28,1717.17,298.0
Mineral water,2020-04-29,1339.23,323.0
Mineral water,2020-04-30,2392.61,554.0
Mineral water,2020-05-01,2700.56,498.0
Mineral water,2020-05-02,1832.98,318.0
Mineral water,2020-05-03,1641.97,319.0
Mineral water,2020-05-04,1580.27,331.0
Mineral water,2020-05-05,1825.82,333.0
Mineral water,2020-05-06,1852.96,424.0
Mineral water,2020-05-07,2390.3199999999997,493.0
Mineral water,2020-05-08,1905.67,373.0
Mineral water,2020-05-09,1821.76,417.0
Mineral water,2020-05-10,1411.76,245.0
Mineral water,2020-05-11,1215.8,238.0
Mineral water,2020-05-12,1250.64,231.0
Mineral water,2020-05-13,1108.67,216.0
Mineral water,2020-05-14,2604.16,782.0
Mineral water,2020-05-15,2145.2,580.0
Mineral water,2020-05-16,1819.0,385.0
Mineral water,2020-05-17,1492.76,361.0
Mineral water,2020-05-18,1523.71,456.0
Mineral water,2020-05-19,1885.38,454.0
Mineral water,2020-05-20,1250.76,278.0
Mineral water,2020-05-21,1774.33,335.0
Mineral water,2020-05-22,1635.43,339.0
Mineral water,2020-05-23,1149.26,277.0
Mineral water,2020-05-24,910.1099999999999,219.0
Mineral water,2020-05-25,1057.18,254.0
Mineral water,2020-05-26,1119.28,244.0
Mineral water,2020-05-27,1072.19,213.0
Mineral water,2020-05-28,1293.34,209.0
Mineral water,2020-05-29,1497.13,327.0
Mineral water,2020-05-30,1160.73,288.0
Mineral water,2020-05-31,1013.43,182.0
Mineral water,2020-06-01,1055.33,164.0
Mineral water,2020-06-02,1141.49,227.0
Mineral water,2020-06-03,792.97,201.0
Mineral water,2020-06-04,1271.12,233.0
Mineral water,2020-06-05,1423.1599999999999,235.0
Mineral water,2020-06-06,1088.67,271.0
Mineral water,2020-06-07,1255.8999999999999,188.0
Mineral water,2020-06-08,1263.48,319.0
Mineral water,2020-06-09,1047.97,227.0
Mineral water,2020-06-10,1636.49,338.0
Mineral water,2020-06-11,2119.29,491.0
Mineral water,2020-06-12,1998.1499999999999,414.0
Mineral water,2020-06-13,2186.98,446.0
Mineral water,2020-06-14,1796.6,349.0
Mineral water,2020-06-15,1953.1699999999998,373.0
Mineral water,2020-06-16,1598.87,529.0
Mineral water,2020-06-17,1752.3,489.0
Mineral water,2020-06-18,1672.0,304.0
Mineral water,2020-06-19,1914.77,399.0
Mineral water,2020-06-20,1664.1,269.0
Mineral water,2020-06-21,1083.42,167.0
Mineral water,2020-06-22,1206.3999999999999,371.0
Mineral water,2020-06-23,1302.3,380.0
Mineral water,2020-06-24,1000.41,252.0
Mineral water,2020-06-25,2416.05,1128.0
Mineral water,2020-06-26,2557.04,857.0
Mineral water,2020-06-27,2252.19,637.0
Mineral water,2020-06-28,1558.77,686.0
Mineral water,2020-06-29,1595.3,753.0
Mineral water,2020-06-30,1729.5,630.0
Mineral water,2020-07-01,1511.18,954.0
Mineral water,2020-07-02,2195.29,562.0
Mineral water,2020-07-03,2376.79,765.0
Mineral water,2020-07-04,2221.64,491.0
Mineral water,2020-07-05,1670.56,488.0
Mineral water,2020-07-06,1798.59,484.0
Mineral water,2020-07-07,1675.6499999999999,425.0
Mineral water,2020-07-08,1852.84,443.0
Mineral water,2020-07-09,2441.7799999999997,532.0
Mineral water,2020-07-10,2041.02,421.0
Mineral water,2020-07-11,1860.34,371.0
Mineral water,2020-07-12,1865.07,388.0
Mineral water,2020-07-13,1678.7,253.0
Mineral water,2020-07-14,1578.02,384.0
Mineral water,2020-07-15,1213.86,264.0
Mineral water,2020-07-16,1617.06,393.0
Mineral water,2020-07-17,1272.16,299.0
Mineral water,2020-07-18,1531.9,388.0
Mineral water,2020-07-19,1373.52,275.0
Mineral water,2020-07-20,1174.1399999999999,373.0
Mineral water,2020-07-21,1385.29,332.0
Mineral water,2020-07-22,1273.91,415.0
Mineral water,2020-07-23,992.72,258.0
Mineral water,2020-07-24,1924.18,478.0
Mineral water,2020-07-25,1659.18,356.0
Mineral water,2020-07-26,1285.43,217.0
Mineral water,2020-07-27,1272.11,401.0
Mineral water,2020-07-28,1324.95,391.0
Mineral water,2020-07-29,1292.58,336.0
Mineral water,2020-07-30,2171.01,711.0
Mineral water,2020-07-31,2062.79,559.0
Mineral water,2020-08-01,1344.3799999999999,368.0
Mineral water,2020-08-02,1406.75,360.0
Mineral water,2020-08-03,1486.17,504.0
Mineral water,2020-08-04,1025.82,452.0
Mineral water,2020-08-05,1514.01,453.0
Mineral water,2020-08-06,2121.83,593.0
Mineral water,2020-08-07,2081.77,505.0
Mineral water,2020-08-08,1483.31,420.0
Mineral water,2020-08-09,2122.73,456.0
Mineral water,2020-08-10,1953.1599999999999,641.0
Mineral water,2020-08-11,1214.1299999999999,347.0
Mineral water,2020-08-12,1430.1799999999998,298.0
Mineral water,2020-08-13,1388.46,416.0
Mineral water,2020-08-14,1557.3999999999999,415.0
Mineral water,2020-08-15,1602.79,330.0
Mineral water,2020-08-16,1313.8899999999999,333.0
Mineral water,2020-08-17,1447.08,266.0
Mineral water,2020-08-18,1345.67,334.0
Mineral water,2020-08-19,1776.66,443.0
Mineral water,2020-08-20,2021.96,643.0
Mineral water,2020-08-21,2453.82,854.0
Mineral water,2020-08-22,2007.93,743.0
Mineral water,2020-08-23,1375.41,435.0
Mineral water,2020-08-24,1192.06,517.0
Mineral water,2020-08-25,1671.01,761.0
Mineral water,2020-08-26,1929.1000000000001,642.0
Mineral water,2020-08-27,1917.3799999999999,480.0
Mineral water,2020-08-28,1966.19,353.0
Mineral water,2020-08-29,1514.61,311.0
Mineral water,2020-08-30,2256.31,578.0
Mineral water,2020-08-31,1876.72,373.0
Mineral water,2020-09-01,1588.3,387.0
Mineral water,2020-09-02,1601.32,359.0
Mineral water,2020-09-03,2675.62,575.0
Mineral water,2020-09-04,2612.43,556.0
Mineral water,2020-09-05,2341.25,438.0
Mineral water,2020-09-06,1987.84,461.0
Mineral water,2020-09-07,1791.7,470.0
Mineral water,2020-09-08,1960.78,459.0
Mineral water,2020-09-09,2038.92,370.0
Mineral water,2020-09-10,2348.48,537.0
Mineral water,2020-09-11,1974.56,471.0
Mineral water,2020-09-12,2273.5,523.0
Mineral water,2020-09-13,1689.13,376.0
Mineral water,2020-09-14,1645.69,367.0
Mineral water,2020-09-15,2398.31,619.0
Mineral water,2020-09-16,1967.0,497.0
Mineral water,2020-09-17,3209.58,854.0
Mineral water,2020-09-18,2659.32,724.0
Mineral water,2020-09-19,2658.72,848.0
Mineral water,2020-09-20,2619.9,769.0
Mineral water,2020-09-21,1994.84,515.0
Mineral water,2020-09-22,2372.4,592.0
Mineral water,2020-09-23,2029.27,667.0
Mineral water,2020-09-24,2462.5099999999998,595.0
Mineral water,2020-09-25,3076.93,794.0
Mineral water,2020-09-26,2440.7,474.0
Mineral water,2020-09-27,2921.67,698.0
Mineral water,2020-09-28,2405.91,492.0
Mineral water,2020-09-29,2103.16,486.0
Mineral water,2020-09-30,2987.57,707.0
Mineral water,2020-10-01,3149.67,672.0
Mineral water,2020-10-02,4116.55,911.0
Mineral water,2020-10-03,3041.35,805.0
Mineral water,2020-10-04,3368.34,895.0
Mineral water,2020-10-05,3170.25,741.0
Mineral water,2020-10-06,3273.17,669.0
Mineral water,2020-10-07,3455.19,709.0
Mineral water,2020-10-08,4209.62,1078.0
Mineral water,2020-10-09,4087.22,893.0
Mineral water,2020-10-10,3532.67,726.0
Mineral water,2020-10-11,3219.02,825.0
Mineral water,2020-10-12,2847.69,538.0
Mineral water,2020-10-13,3332.6,709.0
Mineral water,2020-10-14,2932.5299999999997,692.0
Mineral water,2020-10-15,3520.8,694.0
Mineral water,2020-10-16,3474.18,737.0
Mineral water,2020-10-17,5196.21,1192.0
Mineral water,2020-10-18,2906.2599999999998,676.0
Mineral water,2020-10-19,2694.29,603.0
Mineral water,2020-10-20,2960.81,731.0
Mineral water,2020-10-21,2691.0099999999998,714.0
Mineral water,2020-10-22,3106.41,702.0
Mineral water,2020-10-23,2871.93,573.0
Mineral water,2020-10-24,3886.76,854.0
Mineral water,2020-10-25,3283.04,795.0
Mineral water,2020-10-26,3583.57,755.0
Mineral water,2020-10-27,3125.4,710.0
Mineral water,2020-10-28,3386.02,867.0
Mineral water,2020-10-29,3800.06,1058.0
Mineral water,2020-10-30,4199.32,1045.0
Mineral water,2020-10-31,4267.96,964.0
Mineral water,2020-11-01,4213.15,1144.0
Mineral water,2020-11-02,3386.25,751.0
Mineral water,2020-11-03,3862.93,887.0
Mineral water,2020-11-04,3491.7799999999997,904.0
Mineral water,2020-11-05,5556.66,2826.0
Mineral water,2020-11-06,5919.65,1917.0
Mineral water,2020-11-07,5980.42,1724.0
Mineral water,2020-11-08,5433.74,1563.0
Mineral water,2020-11-09,4380.77,1297.0
Mineral water,2020-11-10,3388.28,1099.0
Mineral water,2020-11-11,4962.58,1351.0
Mineral water,2020-11-12,5831.75,1306.0
Mineral water,2020-11-13,5435.07,1144.0
Mineral water,2020-11-14,6928.68,1704.0
Mineral water,2020-11-15,6326.89,1448.0
Mineral water,2020-11-16,4623.8,989.0
Mineral water,2020-11-17,4993.42,1192.0
Mineral water,2020-11-18,5111.99,1167.0
Mineral water,2020-11-19,4910.72,1164.0
Mineral water,2020-11-20,6635.53,1574.0
Mineral water,2020-11-21,6532.7699999999995,1422.0
Mineral water,2020-11-22,5222.08,1092.0
Mineral water,2020-11-23,5284.97,1127.0
Mineral water,2020-11-24,8135.61,1669.0
Mineral water,2020-11-25,7768.97,1601.0
Mineral water,2020-11-26,9761.42,1854.0
Mineral water,2020-11-27,9178.74,1892.0
Mineral water,2020-11-28,11141.95,2486.0
Mineral water,2020-11-29,10247.56,2389.0
Mineral water,2020-11-30,7930.82,1646.0
Mineral water,2020-12-01,8629.15,1750.0
Mineral water,2020-12-02,8731.67,1865.0
Mineral water,2020-12-03,10214.38,2026.0
Mineral water,2020-12-04,10361.27,2247.0
Mineral water,2020-12-05,12009.84,2684.0
Mineral water,2020-12-06,11213.0,2457.0
Mineral water,2020-12-07,8886.68,1725.0
Mineral water,2020-12-08,11122.25,2242.0
Mineral water,2020-12-09,10081.789999999999,2196.0
Mineral water,2020-12-10,10495.47,2124.0
Mineral water,2020-12-11,10784.49,2402.0
Mineral water,2020-12-12,12327.73,2707.0
Mineral water,2020-12-13,13145.01,2500.0
Mineral water,2020-12-14,10573.64,2253.0
Mineral water,2020-12-15,9840.86,2166.0
Mineral water,2020-12-16,9521.48,2015.0
Mineral water,2020-12-17,11654.24,2620.0
Mineral water,2020-12-18,10043.19,1947.0
Mineral water,2020-12-19,10790.18,2238.0
Mineral water,2020-12-20,11013.84,2169.0
Mineral water,2020-12-21,10440.27,2070.0
Mineral water,2020-12-22,10939.34,2210.0
Mineral water,2020-12-23,10548.38,2225.0
Mineral water,2020-12-24,11890.07,2671.0
Mineral water,2020-12-25,12976.199999999999,2850.0
Mineral water,2020-12-26,14107.47,3126.0
Mineral water,2020-12-27,12831.39,2841.0
Mineral water,2020-12-28,12530.02,2706.0
Mineral water,2020-12-29,13748.43,3117.0
Mineral water,2020-12-30,15360.64,4088.0
Mineral water,2020-12-31,11910.24,2332.0
Mineral water,2021-01-01,8993.19,1895.0
Mineral water,2021-01-02,10458.93,2348.0
Mineral water,2021-01-03,11339.89,2665.0
Mineral water,2021-01-04,11170.25,2584.0
Mineral water,2021-01-05,12665.91,3082.0
Mineral water,2021-01-06,12898.63,2643.0
Mineral water,2021-01-07,13070.0,2480.0
Mineral water,2021-01-08,12575.31,2709.0
Mineral water,2021-01-09,13257.81,3077.0
Mineral water,2021-01-10,13969.22,2680.0
Mineral water,2021-01-11,11149.82,2337.0
Mineral water,2021-01-12,12456.9,2523.0
Mineral water,2021-01-13,12858.25,2772.0
Mineral water,2021-01-14,13030.92,2602.0
Mineral water,2021-01-15,13571.3,2735.0
Mineral water,2021-01-16,23492.95,2784.0
Mineral water,2021-01-17,14787.0,3043.0
Mineral water,2021-01-18,13225.14,2668.0
Mineral water,2021-01-19,13009.91,2539.0
Mineral water,2021-01-20,12383.369999999999,2553.0
Mineral water,2021-01-21,12844.72,2703.0
Mineral water,2021-01-22,14121.73,3021.0
Mineral water,2021-01-23,14296.52,3030.0
Mineral water,2021-01-24,14872.67,3121.0
Mineral water,2021-01-25,11021.16,2403.0
Mineral water,2021-01-26,11376.56,2388.0
Mineral water,2021-01-27,11855.83,2601.0
Mineral water,2021-01-28,12060.92,2435.0
Mineral water,2021-01-29,13115.02,2740.0
Mineral water,2021-01-30,15647.449999999999,3023.0
Mineral water,2021-01-31,14305.21,3004.0
Mineral water,2021-02-01,12201.9,2489.0
Mineral water,2021-02-02,12406.91,2653.0
Mineral water,2021-02-03,12116.539999999999,2558.0
Mineral water,2021-02-04,12840.27,2591.0
Mineral water,2021-02-05,13057.46,2865.0
Mineral water,2021-02-06,14760.27,3175.0
Mineral water,2021-02-07,15292.619999999999,3400.0
Mineral water,2021-02-08,12130.119999999999,2551.0
Mineral water,2021-02-09,11382.23,2263.0
Mineral water,2021-02-10,12508.07,2741.0
Mineral water,2021-02-11,12520.41,2378.0
Mineral water,2021-02-12,12856.82,2592.0
Mineral water,2021-02-13,15057.21,3422.0
Mineral water,2021-02-14,15294.08,3010.0
Mineral water,2021-02-15,12932.699999999999,2690.0
Mineral water,2021-02-16,13496.44,2730.0
Mineral water,2021-02-17,13542.03,3041.0
Mineral water,2021-02-18,12784.44,2806.0
Mineral water,2021-02-19,13762.11,2817.0
Mineral water,2021-02-20,16289.07,3338.0
Mineral water,2021-02-21,16005.71,3357.0
Mineral water,2021-02-22,12104.119999999999,2483.0
Mineral water,2021-02-23,11827.89,2670.0
Mineral water,2021-02-24,13078.55,2778.0
Mineral water,2021-02-25,12554.71,2633.0
Mineral water,2021-02-26,13812.22,2926.0
Mineral water,2021-02-27,15530.64,3525.0
Mineral water,2021-02-28,15999.39,3552.0
Mineral water,2021-03-01,11202.19,2805.0
Mineral water,2021-03-02,12827.63,2837.0
Mineral water,2021-03-03,11658.57,2867.0
Mineral water,2021-03-04,12662.36,2827.0
Mineral water,2021-03-05,15788.66,3486.0
Mineral water,2021-03-06,15550.39,3414.0
Mineral water,2021-03-07,17200.06,3662.0
Mineral water,2021-03-08,14374.58,2932.0
Mineral water,2021-03-09,13411.66,2870.0
Mineral water,2021-03-10,12946.52,2711.0
Mineral water,2021-03-11,14030.92,3199.0
Mineral water,2021-03-12,14695.43,3183.0
Mineral water,2021-03-13,17341.739999999998,4164.0
Mineral water,2021-03-14,16394.41,3764.0
Mineral water,2021-03-15,14947.68,3380.0
Mineral water,2021-03-16,15318.93,3354.0
Mineral water,2021-03-17,15327.06,3145.0
Mineral water,2021-03-18,16623.89,3881.0
Mineral water,2021-03-19,16597.92,4159.0
Mineral water,2021-03-20,18642.75,4580.0
Mineral water,2021-03-21,16652.37,4074.0
Mineral water,2021-03-22,15898.73,3744.0
Mineral water,2021-03-23,16285.41,3979.0
Mineral water,2021-03-24,14701.52,3621.0
Mineral water,2021-03-25,15605.13,3739.0
Mineral water,2021-03-26,15894.23,3627.0
Mineral water,2021-03-27,17913.16,4198.0
Mineral water,2021-03-28,17610.25,4338.0
Mineral water,2021-03-29,15523.72,3801.0
Mineral water,2021-03-30,16034.62,3611.0
Mineral water,2021-03-31,15723.08,3787.0
Mineral water,2021-04-01,15611.27,3817.0
Mineral water,2021-04-02,17416.8,4429.0
Mineral water,2021-04-03,18312.329999999998,4445.0
Mineral water,2021-04-04,18279.41,4627.0
Mineral water,2021-04-05,15809.27,4015.0
Mineral water,2021-04-06,15029.23,3624.0
Mineral water,2021-04-07,16520.34,3801.0
Mineral water,2021-04-08,17075.43,4559.0
Mineral water,2021-04-09,16961.01,4505.0
Mineral water,2021-04-10,17061.65,4354.0
Mineral water,2021-04-11,16065.63,4074.0
Mineral water,2021-04-12,16552.49,4283.0
Mineral water,2021-04-13,16170.3,4100.0
Mineral water,2021-04-14,16697.84,4076.0
Mineral water,2021-04-15,18135.73,4312.0
Mineral water,2021-04-16,18780.71,4461.0
Mineral water,2021-04-17,19153.51,4526.0
Mineral water,2021-04-18,17878.12,4131.0
Mineral water,2021-04-19,14825.98,3418.0
Mineral water,2021-04-20,15623.72,3590.0
Mineral water,2021-04-21,15076.57,3385.0
Mineral water,2021-04-22,17660.67,3733.0
Mineral water,2021-04-23,17500.97,3672.0
Mineral water,2021-04-24,19872.649999999998,4453.0
Mineral water,2021-04-25,19082.7,4228.0
Mineral water,2021-04-26,15367.44,3258.0
Mineral water,2021-04-27,16045.539999999999,3522.0
Mineral water,2021-04-28,15502.39,3466.0
Mineral water,2021-04-29,16376.92,3759.0
Mineral water,2021-04-30,19104.31,4285.0
Mineral water,2021-05-01,16046.029999999999,3494.0
Mineral water,2021-05-02,14322.82,2819.0
Mineral water,2021-05-03,16519.8,3176.0
Mineral water,2021-05-04,14763.84,3222.0
Mineral water,2021-05-05,14819.699999999999,3002.0
Mineral water,2021-05-06,16830.02,3785.0
Mineral water,2021-05-07,14938.46,3365.0
Mineral water,2021-05-08,19783.559999999998,4259.0
Mineral water,2021-05-09,15691.25,3228.0
Mineral water,2021-05-10,14190.94,3009.0
Mineral water,2021-05-11,14857.26,3271.0
Mineral water,2021-05-12,14471.789999999999,3266.0
Mineral water,2021-05-13,14381.78,3345.0
Mineral water,2021-05-14,15121.74,3524.0
Mineral water,2021-05-15,17617.54,4060.0
Mineral water,2021-05-16,17019.62,4161.0
Mineral water,2021-05-17,15476.6,3994.0
Mineral water,2021-05-18,14240.25,3608.0
Mineral water,2021-05-19,14523.83,3663.0
Mineral water,2021-05-20,15147.46,3858.0
Mineral water,2021-05-21,15893.07,3650.0
Mineral water,2021-05-22,15654.97,3782.0
Mineral water,2021-05-23,17309.61,4140.0
Mineral water,2021-05-24,14793.94,3658.0
Mineral water,2021-05-25,13692.75,3326.0
Mineral water,2021-05-26,13985.36,2922.0
Mineral water,2021-05-27,16181.43,3398.0
Mineral water,2021-05-28,16003.859999999999,3786.0
Mineral water,2021-05-29,18335.47,3955.0
Mineral water,2021-05-30,18183.67,4019.0
Mineral water,2021-05-31,15338.27,3237.0
Mineral water,2021-06-01,15016.789999999999,3257.0
Mineral water,2021-06-02,15048.57,3108.0
Mineral water,2021-06-03,15107.11,3363.0
Mineral water,2021-06-04,16169.8,3238.0
Mineral water,2021-06-05,17182.97,3827.0
Mineral water,2021-06-06,18986.42,3917.0
Mineral water,2021-06-07,15700.27,3474.0
Mineral water,2021-06-08,14966.48,2941.0
Mineral water,2021-06-09,15202.17,3428.0
Mineral water,2021-06-10,16651.13,3648.0
Mineral water,2021-06-11,17291.25,3890.0
Mineral water,2021-06-12,18751.54,4273.0
Mineral water,2021-06-13,20021.26,4701.0
Mineral water,2021-06-14,17081.34,3696.0
Mineral water,2021-06-15,16281.02,3672.0
Mineral water,2021-06-16,16708.29,3867.0
Mineral water,2021-06-17,17517.85,3961.0
Mineral water,2021-06-18,18184.2,4152.0
Mineral water,2021-06-19,18332.48,4512.0
Mineral water,2021-06-20,18925.72,4015.0
Mineral water,2021-06-21,18532.829999999998,4495.0
Mineral water,2021-06-22,16671.04,4060.0
Mineral water,2021-06-23,16993.01,4538.0
Mineral water,2021-06-24,18072.1,5296.0
Mineral water,2021-06-25,18952.72,5821.0
Mineral water,2021-06-26,20868.63,5588.0
Mineral water,2021-06-27,18406.41,5059.0
Mineral water,2021-06-28,18017.95,4814.0
Mineral water,2021-06-29,15963.789999999999,4216.0
Mineral water,2021-06-30,15579.92,3888.0
Mineral water,2021-07-01,17322.11,4880.0
Mineral water,2021-07-02,18093.31,4814.0
Mineral water,2021-07-03,19020.59,4861.0
Mineral water,2021-07-04,19660.95,5074.0
Mineral water,2021-07-05,16249.65,4223.0
Tropical fruits,2020-04-01,79.59,4.0
Tropical fruits,2020-04-02,121.68,4.4
Tropical fruits,2020-04-04,4120.19,2234.65
Tropical fruits,2020-04-05,6705.54,3319.21
Tropical fruits,2020-04-06,4523.91,152.1
Tropical fruits,2020-04-07,6898.2,295.1
Tropical fruits,2020-04-08,13825.13,562.5
Tropical fruits,2020-04-09,15800.77,708.6
Tropical fruits,2020-04-10,20156.33,1263.36
Tropical fruits,2020-04-11,18104.57,1064.7
Tropical fruits,2020-04-12,16594.66,1646.8899999999999
Tropical fruits,2020-04-13,14532.92,893.1
Tropical fruits,2020-04-14,18845.55,1411.23
Tropical fruits,2020-04-15,21664.16,1168.6
Tropical fruits,2020-04-16,31215.24,1653.3
Tropical fruits,2020-04-17,29196.58,1494.9
Tropical fruits,2020-04-18,17908.24,927.3
Tropical fruits,2020-04-19,10880.380000000001,432.7
Tropical fruits,2020-04-20,14268.58,672.7
Tropical fruits,2020-04-21,18635.420000000002,862.1
Tropical fruits,2020-04-22,17489.670000000002,850.1
Tropical fruits,2020-04-23,16717.23,779.6
Tropical fruits,2020-04-24,17564.98,782.8
Tropical fruits,2020-04-25,15942.71,711.7
Tropical fruits,2020-04-26,14312.42,608.3
Tropical fruits,2020-04-27,12733.72,620.5
Tropical fruits,2020-04-28,14889.83,658.4
Tropical fruits,2020-04-29,16724.76,706.5
Tropical fruits,2020-04-30,21905.81,1347.5
Tropical fruits,2020-05-01,22447.19,1414.0
Tropical fruits,2020-05-02,18886.97,1012.0
Tropical fruits,2020-05-03,16590.98,912.5
Tropical fruits,2020-05-04,13705.67,845.9
Tropical fruits,2020-05-05,13348.08,757.4
Tropical fruits,2020-05-06,17267.6,873.1
Tropical fruits,2020-05-07,20820.92,958.6
Tropical fruits,2020-05-08,16844.78,769.3
Tropical fruits,2020-05-09,15595.960000000001,773.5
Tropical fruits,2020-05-10,15251.7,709.2
Tropical fruits,2020-05-11,13292.57,611.8
Tropical fruits,2020-05-12,12834.710000000001,600.9
Tropical fruits,2020-05-13,15051.6,615.2
Tropical fruits,2020-05-14,17418.170000000002,940.3
Tropical fruits,2020-05-15,18039.010000000002,859.6
Tropical fruits,2020-05-16,15028.3,714.7
Tropical fruits,2020-05-17,10923.17,545.0
Tropical fruits,2020-05-18,11010.12,559.4
Tropical fruits,2020-05-19,13145.45,603.4
Tropical fruits,2020-05-20,11872.83,550.6
Tropical fruits,2020-05-21,12892.9,712.3
Tropical fruits,2020-05-22,12019.42,552.8
Tropical fruits,2020-05-23,10583.81,533.9
Tropical fruits,2020-05-24,10533.86,451.7
Tropical fruits,2020-05-25,9580.59,391.3
Tropical fruits,2020-05-26,10711.06,438.8
Tropical fruits,2020-05-27,8083.14,361.8
Tropical fruits,2020-05-28,16523.7,867.7
Tropical fruits,2020-05-29,15690.83,768.8
Tropical fruits,2020-05-30,12969.75,683.2
Tropical fruits,2020-05-31,10295.26,472.1
Tropical fruits,2020-06-01,11442.69,512.0
Tropical fruits,2020-06-02,10266.91,490.2
Tropical fruits,2020-06-03,8987.51,451.9
Tropical fruits,2020-06-04,10848.76,514.1
Tropical fruits,2020-06-05,10214.5,502.3
Tropical fruits,2020-06-06,10166.8,441.0
Tropical fruits,2020-06-07,7990.360000000001,340.7
Tropical fruits,2020-06-08,9582.73,406.3
Tropical fruits,2020-06-09,8654.77,414.8
Tropical fruits,2020-06-10,7581.81,307.4
Tropical fruits,2020-06-11,10904.17,694.0
Tropical fruits,2020-06-12,9882.24,547.8
Tropical fruits,2020-06-13,11881.7,582.7
Tropical fruits,2020-06-14,9162.14,451.9
Tropical fruits,2020-06-15,11373.42,540.9
Tropical fruits,2020-06-16,10873.41,485.2
Tropical fruits,2020-06-17,8059.03,342.6
Tropical fruits,2020-06-18,16008.96,772.1
Tropical fruits,2020-06-19,14211.09,695.3
Tropical fruits,2020-06-20,14456.17,709.1
Tropical fruits,2020-06-21,10230.43,498.2
Tropical fruits,2020-06-22,12386.21,674.8
Tropical fruits,2020-06-23,11596.17,599.6
Tropical fruits,2020-06-24,11000.64,442.1
Tropical fruits,2020-06-25,11065.26,563.8
Tropical fruits,2020-06-26,12524.64,582.0
Tropical fruits,2020-06-27,10471.77,450.8
Tropical fruits,2020-06-28,8391.56,397.2
Tropical fruits,2020-06-29,8845.51,436.2
Tropical fruits,2020-06-30,11594.78,473.2
Tropical fruits,2020-07-01,8534.13,406.2
Tropical fruits,2020-07-02,14736.39,595.9
Tropical fruits,2020-07-03,14081.18,652.4
Tropical fruits,2020-07-04,10664.97,540.1
Tropical fruits,2020-07-05,9438.49,403.1
Tropical fruits,2020-07-06,9907.56,463.2
Tropical fruits,2020-07-07,10376.47,394.2
Tropical fruits,2020-07-08,9019.65,449.4
Tropical fruits,2020-07-09,8874.41,363.2
Tropical fruits,2020-07-10,8890.94,366.3
Tropical fruits,2020-07-11,6972.55,308.2
Tropical fruits,2020-07-12,8039.27,347.0
Tropical fruits,2020-07-13,7266.59,316.3
Tropical fruits,2020-07-14,6895.3,293.3
Tropical fruits,2020-07-15,5950.13,201.4
Tropical fruits,2020-07-16,10237.85,366.3
Tropical fruits,2020-07-17,9347.11,343.9
Tropical fruits,2020-07-18,7951.860000000001,316.4
Tropical fruits,2020-07-19,7540.72,300.0
Tropical fruits,2020-07-20,7118.75,272.8
Tropical fruits,2020-07-21,5844.59,272.6
Tropical fruits,2020-07-22,8138.24,324.1
Tropical fruits,2020-07-23,5023.23,193.2
Tropical fruits,2020-07-24,10480.3,440.2
Tropical fruits,2020-07-25,9588.65,368.7
Tropical fruits,2020-07-26,6534.47,329.6
Tropical fruits,2020-07-27,7000.55,296.7
Tropical fruits,2020-07-28,6524.68,275.2
Tropical fruits,2020-07-29,5363.25,255.70000000000002
Tropical fruits,2020-07-30,11197.55,537.5
Tropical fruits,2020-07-31,9768.66,452.5
Tropical fruits,2020-08-01,8599.289999999999,425.3
Tropical fruits,2020-08-02,8438.83,416.5
Tropical fruits,2020-08-03,9068.87,460.1
Tropical fruits,2020-08-04,7736.49,366.6
Tropical fruits,2020-08-05,7653.88,344.2
Tropical fruits,2020-08-06,6155.68,317.5
Tropical fruits,2020-08-07,6515.41,327.2
Tropical fruits,2020-08-08,7031.4800000000005,325.1
Tropical fruits,2020-08-09,6721.88,279.7
Tropical fruits,2020-08-10,6610.74,277.6
Tropical fruits,2020-08-11,5546.1,248.4
Tropical fruits,2020-08-12,3791.39,176.4
Tropical fruits,2020-08-13,6602.87,323.1
Tropical fruits,2020-08-14,6491.05,336.6
Tropical fruits,2020-08-15,5554.12,257.5
Tropical fruits,2020-08-16,7467.65,309.8
Tropical fruits,2020-08-17,5983.45,244.1
Tropical fruits,2020-08-18,4875.7699999999995,228.7
Tropical fruits,2020-08-19,5780.69,213.9
Tropical fruits,2020-08-20,7124.11,337.9
Tropical fruits,2020-08-21,8115.56,342.1
Tropical fruits,2020-08-22,7237.08,265.2
Tropical fruits,2020-08-23,6645.51,270.3
Tropical fruits,2020-08-24,8348.37,307.6
Tropical fruits,2020-08-25,7252.85,322.5
Tropical fruits,2020-08-26,7511.66,325.7
Tropical fruits,2020-08-27,8242.29,549.6
Tropical fruits,2020-08-28,8709.4,471.3
Tropical fruits,2020-08-29,6239.3,454.8
Tropical fruits,2020-08-30,6761.79,476.0
Tropical fruits,2020-08-31,7119.54,360.8
Tropical fruits,2020-09-01,8121.92,511.3
Tropical fruits,2020-09-02,7153.21,454.6
Tropical fruits,2020-09-03,8246.18,413.6
Tropical fruits,2020-09-04,7789.77,372.5
Tropical fruits,2020-09-05,7391.1,372.3
Tropical fruits,2020-09-06,7692.42,377.5
Tropical fruits,2020-09-07,6611.9800000000005,332.8
Tropical fruits,2020-09-08,5639.44,311.7
Tropical fruits,2020-09-09,7291.67,309.3
Tropical fruits,2020-09-10,9237.14,448.2
Tropical fruits,2020-09-11,8695.51,420.5
Tropical fruits,2020-09-12,9481.27,395.3
Tropical fruits,2020-09-13,8472.710000000001,362.8
Tropical fruits,2020-09-14,8368.29,356.9
Tropical fruits,2020-09-15,8640.01,361.0
Tropical fruits,2020-09-16,10375.64,450.8
Tropical fruits,2020-09-17,12291.12,721.5
Tropical fruits,2020-09-18,11789.18,666.2
Tropical fruits,2020-09-19,10601.05,590.8
Tropical fruits,2020-09-20,13551.76,658.8
Tropical fruits,2020-09-21,11646.17,598.8
Tropical fruits,2020-09-22,9780.13,482.5
Tropical fruits,2020-09-23,10627.79,533.0
Tropical fruits,2020-09-24,14542.43,648.3
Tropical fruits,2020-09-25,13473.23,608.8
Tropical fruits,2020-09-26,14324.56,724.0
Tropical fruits,2020-09-27,15273.82,772.9
Tropical fruits,2020-09-28,11726.27,577.7
Tropical fruits,2020-09-29,13423.03,549.0
Tropical fruits,2020-09-30,14664.77,695.5
Tropical fruits,2020-10-01,16800.74,792.9
Tropical fruits,2020-10-02,18104.45,849.9
Tropical fruits,2020-10-03,14692.71,746.3
Tropical fruits,2020-10-04,14348.56,736.7
Tropical fruits,2020-10-05,12763.72,715.9
Tropical fruits,2020-10-06,15117.79,762.9
Tropical fruits,2020-10-07,13097.630000000001,802.3
Tropical fruits,2020-10-08,17490.670000000002,787.8
Tropical fruits,2020-10-09,15404.16,807.5
Tropical fruits,2020-10-10,15386.27,751.8
Tropical fruits,2020-10-11,14992.77,713.5
Tropical fruits,2020-10-12,13631.52,678.9
Tropical fruits,2020-10-13,14497.82,726.3
Tropical fruits,2020-10-14,12592.66,705.5
Tropical fruits,2020-10-15,16577.93,835.0
Tropical fruits,2020-10-16,16612.8,908.8
Tropical fruits,2020-10-17,19440.55,1236.2
Tropical fruits,2020-10-18,16625.600000000002,940.1
Tropical fruits,2020-10-19,12747.130000000001,791.2
Tropical fruits,2020-10-20,15213.710000000001,858.2
Tropical fruits,2020-10-21,15014.78,813.3
Tropical fruits,2020-10-22,16512.94,1084.7
Tropical fruits,2020-10-23,16987.670000000002,1046.4
Tropical fruits,2020-10-24,16228.03,919.2
Tropical fruits,2020-10-25,15876.92,974.8
Tropical fruits,2020-10-26,15054.140000000001,859.7
Tropical fruits,2020-10-27,15603.460000000001,855.9
Tropical fruits,2020-10-28,15107.77,863.6
Tropical fruits,2020-10-29,17687.7,1085.6
Tropical fruits,2020-10-30,16647.61,997.0
Tropical fruits,2020-10-31,18129.83,1096.7
Tropical fruits,2020-11-01,18670.99,1145.5
Tropical fruits,2020-11-02,16930.35,1043.2
Tropical fruits,2020-11-03,19134.14,1065.1
Tropical fruits,2020-11-04,18159.83,1017.5
Tropical fruits,2020-11-05,26408.59,1663.9
Tropical fruits,2020-11-06,26830.27,1647.1
Tropical fruits,2020-11-07,29526.37,1817.2
Tropical fruits,2020-11-08,28330.72,1648.6
Tropical fruits,2020-11-09,26647.39,1528.3
Tropical fruits,2020-11-10,24171.89,1286.6
Tropical fruits,2020-11-11,27742.88,1663.5
Tropical fruits,2020-11-12,30938.6,2483.4
Tropical fruits,2020-11-13,32271.77,2516.5
Tropical fruits,2020-11-14,33132.18,2872.9
Tropical fruits,2020-11-15,31071.42,2532.1
Tropical fruits,2020-11-16,26516.66,2208.3
Tropical fruits,2020-11-17,30623.62,2380.1
Tropical fruits,2020-11-18,30044.06,2302.2
Tropical fruits,2020-11-19,31393.05,2617.6
Tropical fruits,2020-11-20,35249.26,2767.5
Tropical fruits,2020-11-21,36633.99,3214.9
Tropical fruits,2020-11-22,33863.71,2677.7
Tropical fruits,2020-11-23,28114.43,2308.9
Tropical fruits,2020-11-24,36700.590000000004,2593.6
Tropical fruits,2020-11-25,35987.14,2742.0
Tropical fruits,2020-11-26,43524.01,3297.2
Tropical fruits,2020-11-27,42475.590000000004,3131.9
Tropical fruits,2020-11-28,44931.71,3431.0
Tropical fruits,2020-11-29,44860.2,3244.5
Tropical fruits,2020-11-30,37554.64,2708.4
Tropical fruits,2020-12-01,38656.92,2754.0
Tropical fruits,2020-12-02,38624.39,2694.0
Tropical fruits,2020-12-03,42527.71,3964.0
Tropical fruits,2020-12-04,46478.38,3930.3
Tropical fruits,2020-12-05,47089.86,3738.3
Tropical fruits,2020-12-06,46545.38,3519.9
Tropical fruits,2020-12-07,44049.590000000004,3395.0
Tropical fruits,2020-12-08,43980.38,3411.7
Tropical fruits,2020-12-09,46748.97,3190.7
Tropical fruits,2020-12-10,43817.12,3305.0
Tropical fruits,2020-12-11,45515.590000000004,3572.4
Tropical fruits,2020-12-12,46713.26,3672.5
Tropical fruits,2020-12-13,44796.55,3342.3
Tropical fruits,2020-12-14,41567.18,3281.1
Tropical fruits,2020-12-15,45502.37,3090.0
Tropical fruits,2020-12-16,42941.17,2681.9
Tropical fruits,2020-12-17,41700.39,2853.1
Tropical fruits,2020-12-18,40187.89,2824.4
Tropical fruits,2020-12-19,36416.02,2687.2
Tropical fruits,2020-12-20,41302.58,2772.6
Tropical fruits,2020-12-21,38728.38,2792.97
Tropical fruits,2020-12-22,42919.1,2832.2
Tropical fruits,2020-12-23,43704.85,3043.8
Tropical fruits,2020-12-24,45326.81,3364.0
Tropical fruits,2020-12-25,48021.47,3408.2
Tropical fruits,2020-12-26,47322.54,3288.4
Tropical fruits,2020-12-27,48991.67,3441.5
Tropical fruits,2020-12-28,51299.65,3902.7
Tropical fruits,2020-12-29,59046.29,4789.9
Tropical fruits,2020-12-30,66316.04,5627.6
Tropical fruits,2020-12-31,52673.62,3135.3
Tropical fruits,2021-01-01,24750.010000000002,1164.9
Tropical fruits,2021-01-02,37272.87,2228.8
Tropical fruits,2021-01-03,42725.93,2795.7
Tropical fruits,2021-01-04,47674.1,3230.3
Tropical fruits,2021-01-05,51319.31,3588.8
Tropical fruits,2021-01-06,47517.72,2960.7
Tropical fruits,2021-01-07,42217.7,2883.0
Tropical fruits,2021-01-08,46768.06,3353.8
Tropical fruits,2021-01-09,51535.55,3654.6
Tropical fruits,2021-01-10,53343.74,3950.9
Tropical fruits,2021-01-11,52085.81,4040.7
Tropical fruits,2021-01-12,50456.36,3611.4
Tropical fruits,2021-01-13,48040.21,3734.2
Tropical fruits,2021-01-14,51543.05,3488.8
Tropical fruits,2021-01-15,51123.2,3167.9
Tropical fruits,2021-01-16,56895.73,2928.945
Tropical fruits,2021-01-17,52127.43,3075.42
Tropical fruits,2021-01-18,50855.06,3030.1
Tropical fruits,2021-01-19,49985.07,2899.2
Tropical fruits,2021-01-20,44747.91,2812.1
Tropical fruits,2021-01-21,52113.49,3807.2
Tropical fruits,2021-01-22,53380.48,4282.4
Tropical fruits,2021-01-23,56400.39,3503.0
Tropical fruits,2021-01-24,52705.43,3473.8
Tropical fruits,2021-01-25,43508.19,2667.9
Tropical fruits,2021-01-26,43763.55,2854.7
Tropical fruits,2021-01-27,45053.01,2585.5
Tropical fruits,2021-01-28,49308.97,2832.9
Tropical fruits,2021-01-29,48479.65,2801.1
Tropical fruits,2021-01-30,52082.090000000004,3125.5
Tropical fruits,2021-01-31,52343.9,2872.3
Tropical fruits,2021-02-01,49177.87,2765.61
Tropical fruits,2021-02-02,47741.62,2599.8
Tropical fruits,2021-02-03,49828.16,2797.0
Tropical fruits,2021-02-04,50269.21,3557.9
Tropical fruits,2021-02-05,53908.29,3547.5
Tropical fruits,2021-02-06,53919.23,3555.7
Tropical fruits,2021-02-07,54838.56,3618.88
Tropical fruits,2021-02-08,48345.18,3217.3
Tropical fruits,2021-02-09,52867.44,3096.7
Tropical fruits,2021-02-10,48278.770000000004,2947.5
Tropical fruits,2021-02-11,47551.08,3893.8
Tropical fruits,2021-02-12,51010.08,3673.761
Tropical fruits,2021-02-13,54088.14,4002.5
Tropical fruits,2021-02-14,50741.770000000004,3220.5
Tropical fruits,2021-02-15,46710.43,3312.8
Tropical fruits,2021-02-16,48379.880000000005,3094.2
Tropical fruits,2021-02-17,49698.16,3231.896
Tropical fruits,2021-02-18,52365.26,3239.908
Tropical fruits,2021-02-19,51819.82,3299.2
Tropical fruits,2021-02-20,52453.05,3529.5
Tropical fruits,2021-02-21,55383.17,3026.26
Tropical fruits,2021-02-22,47109.03,2663.17
Tropical fruits,2021-02-23,50676.63,2697.5099999999998
Tropical fruits,2021-02-24,49341.42,2733.71
Tropical fruits,2021-02-25,46213.22,2664.7
Tropical fruits,2021-02-26,49634.87,2985.561
Tropical fruits,2021-02-27,61456.6,3591.3
Tropical fruits,2021-02-28,55758.73,3231.8
Tropical fruits,2021-03-01,49151.87,2900.501
Tropical fruits,2021-03-02,48556.14,2584.6
Tropical fruits,2021-03-03,48656.93,2363.6
Tropical fruits,2021-03-04,50279.18,2560.2
Tropical fruits,2021-03-05,59690.65,3450.6
Tropical fruits,2021-03-06,57601.92,3039.804
Tropical fruits,2021-03-07,65105.63,3618.064
Tropical fruits,2021-03-08,55194.25,2805.6
Tropical fruits,2021-03-09,54962.6,3026.3
Tropical fruits,2021-03-10,54324.11,2939.484
Tropical fruits,2021-03-11,54991.700000000004,3188.461
Tropical fruits,2021-03-12,59947.86,3690.51
Tropical fruits,2021-03-13,60339.1,3385.0
Tropical fruits,2021-03-14,60075.520000000004,3668.22
Tropical fruits,2021-03-15,57960.01,3522.5
Tropical fruits,2021-03-16,55406.16,3101.8
Tropical fruits,2021-03-17,57741.1,3155.361
Tropical fruits,2021-03-18,65090.28,3691.408
Tropical fruits,2021-03-19,63196.21,3991.8
Tropical fruits,2021-03-20,70813.3,4317.7
Tropical fruits,2021-03-21,61582.62,3735.7
Tropical fruits,2021-03-22,57217.53,3616.131
Tropical fruits,2021-03-23,58912.87,3641.908
Tropical fruits,2021-03-24,59947.36,3565.3
Tropical fruits,2021-03-25,60436.66,4508.3
Tropical fruits,2021-03-26,58049.72,4380.048
Tropical fruits,2021-03-27,57803.57,4256.7
Tropical fruits,2021-03-28,58205.69,4119.389
Tropical fruits,2021-03-29,51992.72,3891.17
Tropical fruits,2021-03-30,56195.43,4162.8
Tropical fruits,2021-03-31,52782.28,3763.2
Tropical fruits,2021-04-01,52520.36,3601.3
Tropical fruits,2021-04-02,57983.61,4118.28
Tropical fruits,2021-04-03,53532.19,3761.6
Tropical fruits,2021-04-04,55245.57,3873.8
Tropical fruits,2021-04-05,53773.07,3550.72
Tropical fruits,2021-04-06,53004.36,3589.269
Tropical fruits,2021-04-07,56049.520000000004,3885.8
Tropical fruits,2021-04-08,58114.61,4821.3
Tropical fruits,2021-04-09,56906.19,4496.4
Tropical fruits,2021-04-10,55337.86,4277.9
Tropical fruits,2021-04-11,53686.8,3888.3
Tropical fruits,2021-04-12,54259.89,4267.58
Tropical fruits,2021-04-13,53598.98,4028.685
Tropical fruits,2021-04-14,52424.0,3873.286
Tropical fruits,2021-04-15,61205.340000000004,4556.0
Tropical fruits,2021-04-16,59259.86,4149.7
Tropical fruits,2021-04-17,57415.020000000004,3830.8
Tropical fruits,2021-04-18,57158.42,3603.6
Tropical fruits,2021-04-19,48375.29,3168.32
Tropical fruits,2021-04-20,49781.17,3340.054
Tropical fruits,2021-04-21,50797.71,3340.4
Tropical fruits,2021-04-22,57667.25,3860.86
Tropical fruits,2021-04-23,57216.59,3462.996
Tropical fruits,2021-04-24,63018.84,4117.459
Tropical fruits,2021-04-25,63205.45,4085.9
Tropical fruits,2021-04-26,54008.05,3646.8
Tropical fruits,2021-04-27,61869.02,3832.11
Tropical fruits,2021-04-28,56346.76,3430.8
Tropical fruits,2021-04-29,59911.18,4551.3
Tropical fruits,2021-04-30,59120.03,4465.0
Tropical fruits,2021-05-01,49398.67,3165.176
Tropical fruits,2021-05-02,39245.909999999996,1985.93
Tropical fruits,2021-05-03,49044.33,2803.8
Tropical fruits,2021-05-04,53439.95,3586.54
Tropical fruits,2021-05-05,53672.59,3137.3
Tropical fruits,2021-05-06,63737.58,3708.6
Tropical fruits,2021-05-07,59574.090000000004,3209.07
Tropical fruits,2021-05-08,70113.86,4223.316
Tropical fruits,2021-05-09,62617.49,3191.1
Tropical fruits,2021-05-10,56443.1,3190.9
Tropical fruits,2021-05-11,59579.0,3505.3
Tropical fruits,2021-05-12,59650.36,3426.8
Tropical fruits,2021-05-13,53643.270000000004,3699.732
Tropical fruits,2021-05-14,52546.26,3468.0
Tropical fruits,2021-05-15,54067.19,3577.0
Tropical fruits,2021-05-16,55286.12,3418.11
Tropical fruits,2021-05-17,54865.090000000004,3686.41
Tropical fruits,2021-05-18,53050.18,3527.081
Tropical fruits,2021-05-19,53479.9,3403.3
Tropical fruits,2021-05-20,58426.63,4340.2
Tropical fruits,2021-05-21,57097.3,3870.6
Tropical fruits,2021-05-22,51409.26,3433.5
Tropical fruits,2021-05-23,55791.68,3852.9
Tropical fruits,2021-05-24,53963.74,4064.5
Tropical fruits,2021-05-25,51560.75,3325.6
Tropical fruits,2021-05-26,50464.92,3124.956
Tropical fruits,2021-05-27,58069.0,3187.6
Tropical fruits,2021-05-28,57783.770000000004,3282.5
Tropical fruits,2021-05-29,59491.04,3301.6
Tropical fruits,2021-05-30,58124.4,3200.1
Tropical fruits,2021-05-31,55426.42,3430.4
Tropical fruits,2021-06-01,53902.08,3328.1
Tropical fruits,2021-06-02,53229.840000000004,3032.4
Tropical fruits,2021-06-03,52015.89,3585.9
Tropical fruits,2021-06-04,48269.38,3223.5
Tropical fruits,2021-06-05,49928.78,3116.912
Tropical fruits,2021-06-06,51490.89,3396.308
Tropical fruits,2021-06-07,52719.840000000004,3605.8
Tropical fruits,2021-06-08,51577.26,3273.1
Tropical fruits,2021-06-09,53705.32,3036.2
Tropical fruits,2021-06-10,54192.950000000004,2964.25
Tropical fruits,2021-06-11,54466.020000000004,2848.6
Tropical fruits,2021-06-12,52385.28,2729.7
Tropical fruits,2021-06-13,56295.69,3105.81
Tropical fruits,2021-06-14,54204.16,2853.945
Tropical fruits,2021-06-15,47687.19,2481.2
Tropical fruits,2021-06-16,49659.49,2344.0
Tropical fruits,2021-06-17,52196.76,3530.54
Tropical fruits,2021-06-18,50113.17,3138.3
Tropical fruits,2021-06-19,50055.24,3018.2
Tropical fruits,2021-06-20,52948.14,2916.3
Tropical fruits,2021-06-21,52209.01,3238.75
Tropical fruits,2021-06-22,49141.78,3224.4
Tropical fruits,2021-06-23,43952.68,2788.43
Tropical fruits,2021-06-24,43467.84,2775.724
Tropical fruits,2021-06-25,43280.89,2665.79
Tropical fruits,2021-06-26,41174.57,2710.75
Tropical fruits,2021-06-27,41471.84,2385.6
Tropical fruits,2021-06-28,39836.41,2591.22
Tropical fruits,2021-06-29,46192.19,2360.73
Tropical fruits,2021-06-30,43312.52,2118.525
Tropical fruits,2021-07-01,49622.05,2648.857
Tropical fruits,2021-07-02,50887.97,2975.83
Tropical fruits,2021-07-03,55462.89,2589.35
Tropical fruits,2021-07-04,53045.52,2783.42
Tropical fruits,2021-07-05,54817.06,2840.86
Yogurts,2020-04-04,18.49,3.0
Yogurts,2020-04-05,77.16,17.0
Yogurts,2020-04-06,172.81,20.0
Yogurts,2020-04-07,428.4,56.0
Yogurts,2020-04-08,892.98,150.0
Yogurts,2020-04-09,986.26,146.0
Yogurts,2020-04-10,1150.18,166.0
Yogurts,2020-04-11,881.85,107.0
Yogurts,2020-04-12,798.5,96.0
Yogurts,2020-04-13,649.8199999999999,98.0
Yogurts,2020-04-14,999.63,100.0
Yogurts,2020-04-15,676.71,100.0
Yogurts,2020-04-16,1108.56,197.0
Yogurts,2020-04-17,1196.54,174.0
Yogurts,2020-04-18,951.24,166.0
Yogurts,2020-04-19,405.53,55.0
Yogurts,2020-04-20,824.34,106.0
Yogurts,2020-04-21,935.4,128.0
Yogurts,2020-04-22,761.35,116.0
Yogurts,2020-04-23,868.96,129.0
Yogurts,2020-04-24,849.38,78.0
Yogurts,2020-04-25,1045.11,106.0
Yogurts,2020-04-26,411.36,36.0
Yogurts,2020-04-27,493.3,69.0
Yogurts,2020-04-28,494.53,59.0
Yogurts,2020-04-29,622.15,102.0
Yogurts,2020-04-30,1372.06,163.0
Yogurts,2020-05-01,864.96,130.0
Yogurts,2020-05-02,813.6,90.0
Yogurts,2020-05-03,658.43,92.0
Yogurts,2020-05-04,667.94,102.0
Yogurts,2020-05-05,1011.3100000000001,149.0
Yogurts,2020-05-06,670.33,110.0
Yogurts,2020-05-07,961.3,114.0
Yogurts,2020-05-08,791.5,105.0
Yogurts,2020-05-09,942.73,107.0
Yogurts,2020-05-10,641.74,112.0
Yogurts,2020-05-11,902.14,158.0
Yogurts,2020-05-12,582.76,85.0
Yogurts,2020-05-13,752.78,107.0
Yogurts,2020-05-14,1396.78,289.0
Yogurts,2020-05-15,1382.28,251.0
Yogurts,2020-05-16,829.9699999999999,168.0
Yogurts,2020-05-17,743.05,105.0
Yogurts,2020-05-18,712.68,96.0
Yogurts,2020-05-19,929.26,155.0
Yogurts,2020-05-20,1128.99,157.0
Yogurts,2020-05-21,768.98,107.0
Yogurts,2020-05-22,758.89,138.0
Yogurts,2020-05-23,459.9,77.0
Yogurts,2020-05-24,478.74,43.0
Yogurts,2020-05-25,618.75,83.0
Yogurts,2020-05-26,643.0600000000001,107.0
Yogurts,2020-05-27,498.82,67.0
Yogurts,2020-05-28,720.04,77.0
Yogurts,2020-05-29,597.38,83.0
Yogurts,2020-05-30,897.68,112.0
Yogurts,2020-05-31,303.58,37.0
Yogurts,2020-06-01,396.46,53.0
Yogurts,2020-06-02,403.64,52.0
Yogurts,2020-06-03,372.25,64.0
Yogurts,2020-06-04,480.5,90.0
Yogurts,2020-06-05,371.34999999999997,52.0
Yogurts,2020-06-06,350.18,45.0
Yogurts,2020-06-07,292.29,48.0
Yogurts,2020-06-08,374.26,44.0
Yogurts,2020-06-09,359.27,57.0
Yogurts,2020-06-10,446.21,87.0
Yogurts,2020-06-11,884.54,191.0
Yogurts,2020-06-12,882.89,155.0
Yogurts,2020-06-13,1159.21,190.0
Yogurts,2020-06-14,616.79,119.0
Yogurts,2020-06-15,758.93,149.0
Yogurts,2020-06-16,941.66,163.0
Yogurts,2020-06-17,642.4599999999999,137.0
Yogurts,2020-06-18,874.86,115.0
Yogurts,2020-06-19,784.6,136.0
Yogurts,2020-06-20,421.73,51.0
Yogurts,2020-06-21,636.14,78.0
Yogurts,2020-06-22,619.25,164.0
Yogurts,2020-06-23,572.0699999999999,99.0
Yogurts,2020-06-24,421.92,63.0
Yogurts,2020-06-25,676.82,102.0
Yogurts,2020-06-26,487.20000000000005,68.0
Yogurts,2020-06-27,569.48,74.0
Yogurts,2020-06-28,589.6800000000001,68.0
Yogurts,2020-06-29,454.72,46.0
Yogurts,2020-06-30,646.47,76.0
Yogurts,2020-07-01,557.6,67.0
Yogurts,2020-07-02,791.2,99.0
Yogurts,2020-07-03,657.6600000000001,73.0
Yogurts,2020-07-04,694.0300000000001,76.0
Yogurts,2020-07-05,453.85,41.0
Yogurts,2020-07-06,338.67,36.0
Yogurts,2020-07-07,429.72,80.0
Yogurts,2020-07-08,441.72,59.0
Yogurts,2020-07-09,489.11,59.0
Yogurts,2020-07-10,224.1,25.0
Yogurts,2020-07-11,442.74,52.0
Yogurts,2020-07-12,549.3,71.0
Yogurts,2020-07-13,358.05,200.0
Yogurts,2020-07-14,529.28,51.0
Yogurts,2020-07-15,483.34000000000003,37.0
Yogurts,2020-07-16,1137.4499999999998,193.0
Yogurts,2020-07-17,858.52,113.0
Yogurts,2020-07-18,890.39,153.0
Yogurts,2020-07-19,433.78,71.0
Yogurts,2020-07-20,635.41,99.0
Yogurts,2020-07-21,591.12,88.0
Yogurts,2020-07-22,540.65,75.0
Yogurts,2020-07-23,785.5999999999999,80.0
Yogurts,2020-07-24,1369.82,147.0
Yogurts,2020-07-25,936.15,123.0
Yogurts,2020-07-26,859.89,91.0
Yogurts,2020-07-27,1094.51,114.0
Yogurts,2020-07-28,696.5699999999999,74.0
Yogurts,2020-07-29,787.02,90.0
Yogurts,2020-07-30,608.39,61.0
Yogurts,2020-07-31,629.08,63.0
Yogurts,2020-08-01,491.41999999999996,76.0
Yogurts,2020-08-02,377.66,44.0
Yogurts,2020-08-03,525.71,64.0
Yogurts,2020-08-04,553.12,62.0
Yogurts,2020-08-05,447.24,42.0
Yogurts,2020-08-06,515.99,82.0
Yogurts,2020-08-07,543.61,62.0
Yogurts,2020-08-08,493.44,49.0
Yogurts,2020-08-09,518.6,56.0
Yogurts,2020-08-10,362.75,74.0
Yogurts,2020-08-11,257.7,22.0
Yogurts,2020-08-12,437.64,62.0
Yogurts,2020-08-13,431.22,86.0
Yogurts,2020-08-14,580.58,65.0
Yogurts,2020-08-15,544.8,63.0
Yogurts,2020-08-16,503.13,74.0
Yogurts,2020-08-17,476.32,59.0
Yogurts,2020-08-18,347.18,32.0
Yogurts,2020-08-19,292.18,43.0
Yogurts,2020-08-20,1139.22,231.0
Yogurts,2020-08-21,1046.1799999999998,216.0
Yogurts,2020-08-22,989.43,148.0
Yogurts,2020-08-23,645.3,113.0
Yogurts,2020-08-24,877.81,120.0
Yogurts,2020-08-25,751.13,145.0
Yogurts,2020-08-26,876.78,153.0
Yogurts,2020-08-27,525.4,72.0
Yogurts,2020-08-28,343.43,62.0
Yogurts,2020-08-29,400.63,84.0
Yogurts,2020-08-30,574.24,89.0
Yogurts,2020-08-31,517.5799999999999,72.0
Yogurts,2020-09-01,606.8199999999999,96.0
Yogurts,2020-09-02,602.16,102.0
Yogurts,2020-09-03,549.68,80.0
Yogurts,2020-09-04,500.9,59.0
Yogurts,2020-09-05,612.67,80.0
Yogurts,2020-09-06,462.12,69.0
Yogurts,2020-09-07,683.53,86.0
Yogurts,2020-09-08,346.65999999999997,57.0
Yogurts,2020-09-09,506.02,57.0
Yogurts,2020-09-10,733.25,98.0
Yogurts,2020-09-11,683.36,81.0
Yogurts,2020-09-12,354.68,31.0
Yogurts,2020-09-13,456.61,76.0
Yogurts,2020-09-14,521.02,71.0
Yogurts,2020-09-15,323.09999999999997,29.0
Yogurts,2020-09-16,462.81,55.0
Yogurts,2020-09-17,1370.3,218.0
Yogurts,2020-09-18,874.79,152.0
Yogurts,2020-09-19,865.89,145.0
Yogurts,2020-09-20,944.6299999999999,111.0
Yogurts,2020-09-21,974.9699999999999,157.0
Yogurts,2020-09-22,889.3299999999999,116.0
Yogurts,2020-09-23,732.68,105.0
Yogurts,2020-09-24,665.73,98.0
Yogurts,2020-09-25,684.0899999999999,93.0
Yogurts,2020-09-26,644.24,84.0
Yogurts,2020-09-27,830.3699999999999,141.0
Yogurts,2020-09-28,737.51,118.0
Yogurts,2020-09-29,793.01,88.0
Yogurts,2020-09-30,935.16,166.0
Yogurts,2020-10-01,1334.3799999999999,277.0
Yogurts,2020-10-02,1420.27,245.0
Yogurts,2020-10-03,1261.9299999999998,227.0
Yogurts,2020-10-04,1236.05,231.0
Yogurts,2020-10-05,1405.8999999999999,233.0
Yogurts,2020-10-06,982.8599999999999,207.0
Yogurts,2020-10-07,1467.6299999999999,265.0
Yogurts,2020-10-08,1167.36,234.0
Yogurts,2020-10-09,1352.54,224.0
Yogurts,2020-10-10,1227.85,195.0
Yogurts,2020-10-11,1087.3,233.0
Yogurts,2020-10-12,1161.01,212.0
Yogurts,2020-10-13,785.9499999999999,111.0
Yogurts,2020-10-14,792.9,83.0
Yogurts,2020-10-15,1577.4299999999998,236.0
Yogurts,2020-10-16,1764.55,242.0
Yogurts,2020-10-17,1779.31,314.0
Yogurts,2020-10-18,1479.99,182.0
Yogurts,2020-10-19,1316.55,183.0
Yogurts,2020-10-20,982.54,161.0
Yogurts,2020-10-21,1556.81,206.0
Yogurts,2020-10-22,936.1999999999999,161.0
Yogurts,2020-10-23,1259.18,189.0
Yogurts,2020-10-24,1001.09,122.0
Yogurts,2020-10-25,1160.83,164.0
Yogurts,2020-10-26,1163.06,126.0
Yogurts,2020-10-27,1234.37,193.0
Yogurts,2020-10-28,1146.68,162.0
Yogurts,2020-10-29,1152.83,188.0
Yogurts,2020-10-30,1603.06,238.0
Yogurts,2020-10-31,1202.68,179.0
Yogurts,2020-11-01,1373.27,192.0
Yogurts,2020-11-02,1248.3899999999999,166.0
Yogurts,2020-11-03,1254.36,216.0
Yogurts,2020-11-04,1246.0,191.0
Yogurts,2020-11-05,2396.16,433.0
Yogurts,2020-11-06,2111.3999999999996,378.0
Yogurts,2020-11-07,2046.57,376.0
Yogurts,2020-11-08,2060.56,333.0
Yogurts,2020-11-09,1750.53,289.0
Yogurts,2020-11-10,1423.54,229.0
Yogurts,2020-11-11,1979.1,307.0
Yogurts,2020-11-12,1767.33,260.0
Yogurts,2020-11-13,1474.4099999999999,226.0
Yogurts,2020-11-14,1846.01,306.0
Yogurts,2020-11-15,1655.73,222.0
Yogurts,2020-11-16,1596.6799999999998,202.0
Yogurts,2020-11-17,1549.57,183.0
Yogurts,2020-11-18,1527.78,198.0
Yogurts,2020-11-19,1653.83,248.0
Yogurts,2020-11-20,1516.91,195.0
Yogurts,2020-11-21,1751.24,229.0
Yogurts,2020-11-22,1907.25,260.0
Yogurts,2020-11-23,2051.59,250.0
Yogurts,2020-11-24,2102.2799999999997,263.0
Yogurts,2020-11-25,1519.28,198.0
Yogurts,2020-11-26,2534.69,349.0
Yogurts,2020-11-27,2412.0899999999997,350.0
Yogurts,2020-11-28,2825.96,431.0
Yogurts,2020-11-29,2547.27,434.0
Yogurts,2020-11-30,1751.97,277.0
Yogurts,2020-12-01,2640.3599999999997,328.0
Yogurts,2020-12-02,2084.73,278.0
Yogurts,2020-12-03,2456.46,352.0
Yogurts,2020-12-04,2420.81,422.0
Yogurts,2020-12-05,2842.8399999999997,400.0
Yogurts,2020-12-06,2572.7,406.0
Yogurts,2020-12-07,2113.5899999999997,332.0
Yogurts,2020-12-08,2413.15,406.0
Yogurts,2020-12-09,1833.6999999999998,266.0
Yogurts,2020-12-10,1867.78,227.0
Yogurts,2020-12-11,2332.2799999999997,320.0
Yogurts,2020-12-12,2762.25,357.0
Yogurts,2020-12-13,2715.14,353.0
Yogurts,2020-12-14,2536.0099999999998,345.0
Yogurts,2020-12-15,2084.47,279.0
Yogurts,2020-12-16,2598.46,307.0
Yogurts,2020-12-17,2459.9,294.0
Yogurts,2020-12-18,2711.68,328.0
Yogurts,2020-12-19,2170.79,252.0
Yogurts,2020-12-20,2260.94,303.0
Yogurts,2020-12-21,1943.1,221.0
Yogurts,2020-12-22,2482.93,310.0
Yogurts,2020-12-23,2290.46,304.0
Yogurts,2020-12-24,2956.41,364.0
Yogurts,2020-12-25,2544.12,342.0
Yogurts,2020-12-26,2648.83,313.0
Yogurts,2020-12-27,2125.23,351.0
Yogurts,2020-12-28,2464.5099999999998,272.0
Yogurts,2020-12-29,2406.7,308.0
Yogurts,2020-12-30,2493.4,309.0
Yogurts,2020-12-31,1368.43,157.0
Yogurts,2021-01-01,620.17,77.0
Yogurts,2021-01-02,1446.23,183.0
Yogurts,2021-01-03,2048.5299999999997,260.0
Yogurts,2021-01-04,2479.91,285.0
Yogurts,2021-01-05,2320.67,253.0
Yogurts,2021-01-06,1322.62,149.0
Yogurts,2021-01-07,1851.26,216.0
Yogurts,2021-01-08,2089.0499999999997,260.0
Yogurts,2021-01-09,2685.71,270.0
Yogurts,2021-01-10,2680.12,309.0
Yogurts,2021-01-11,2369.74,267.0
Yogurts,2021-01-12,2834.69,316.0
Yogurts,2021-01-13,2877.92,309.0
Yogurts,2021-01-14,3292.37,393.0
Yogurts,2021-01-15,3062.62,326.0
Yogurts,2021-01-16,2801.32,288.0
Yogurts,2021-01-17,2702.06,308.0
Yogurts,2021-01-18,3190.99,352.0
Yogurts,2021-01-19,2134.62,242.0
Yogurts,2021-01-20,2782.44,286.0
Yogurts,2021-01-21,2649.24,346.0
Yogurts,2021-01-22,2259.61,336.0
Yogurts,2021-01-23,2576.22,340.0
Yogurts,2021-01-24,2660.2599999999998,328.0
Yogurts,2021-01-25,2336.16,233.0
Yogurts,2021-01-26,2142.56,255.0
Yogurts,2021-01-27,2051.18,215.0
Yogurts,2021-01-28,2482.86,320.0
Yogurts,2021-01-29,1973.85,247.0
Yogurts,2021-01-30,2498.94,299.0
Yogurts,2021-01-31,2975.71,379.0
Yogurts,2021-02-01,2250.08,251.0
Yogurts,2021-02-02,2469.98,294.0
Yogurts,2021-02-03,2443.24,324.0
Yogurts,2021-02-04,3084.06,356.0
Yogurts,2021-02-05,2327.02,315.0
Yogurts,2021-02-06,3109.74,405.0
Yogurts,2021-02-07,3331.22,422.0
Yogurts,2021-02-08,3498.54,392.0
Yogurts,2021-02-09,2731.43,298.0
Yogurts,2021-02-10,2832.4,339.0
Yogurts,2021-02-11,3173.52,397.0
Yogurts,2021-02-12,2882.28,296.0
Yogurts,2021-02-13,3075.91,398.0
Yogurts,2021-02-14,2568.3,283.0
Yogurts,2021-02-15,2955.83,360.0
Yogurts,2021-02-16,2714.64,359.0
Yogurts,2021-02-17,2718.2999999999997,328.0
Yogurts,2021-02-18,3252.83,479.0
Yogurts,2021-02-19,2955.54,345.0
Yogurts,2021-02-20,3641.79,474.0
Yogurts,2021-02-21,3375.38,379.0
Yogurts,2021-02-22,3225.86,440.0
Yogurts,2021-02-23,2970.2599999999998,385.0
Yogurts,2021-02-24,2785.04,364.0
Yogurts,2021-02-25,2981.62,371.0
Yogurts,2021-02-26,2721.89,339.0
Yogurts,2021-02-27,3903.84,527.0
Yogurts,2021-02-28,3750.59,484.0
Yogurts,2021-03-01,2846.77,382.0
Yogurts,2021-03-02,2590.38,344.0
Yogurts,2021-03-03,3102.61,413.0
Yogurts,2021-03-04,3177.0,513.0
Yogurts,2021-03-05,3884.5499999999997,720.0
Yogurts,2021-03-06,3346.89,630.0
Yogurts,2021-03-07,3994.19,697.0
Yogurts,2021-03-08,3282.37,494.0
Yogurts,2021-03-09,3439.5099999999998,565.0
Yogurts,2021-03-10,3430.54,619.0
Yogurts,2021-03-11,3950.39,632.0
Yogurts,2021-03-12,3522.1099999999997,640.0
Yogurts,2021-03-13,4658.13,808.0
Yogurts,2021-03-14,3687.48,731.0
Yogurts,2021-03-15,3553.6099999999997,652.0
Yogurts,2021-03-16,3376.93,463.0
Yogurts,2021-03-17,3386.06,513.0
Yogurts,2021-03-18,3028.4,447.0
Yogurts,2021-03-19,3676.88,413.0
Yogurts,2021-03-20,4053.68,494.0
Yogurts,2021-03-21,3600.39,458.0
Yogurts,2021-03-22,3428.88,420.0
Yogurts,2021-03-23,2838.04,367.0
Yogurts,2021-03-24,2744.86,395.0
Yogurts,2021-03-25,5102.429999999999,747.0
Yogurts,2021-03-26,4410.29,701.0
Yogurts,2021-03-27,4284.84,625.0
Yogurts,2021-03-28,4950.09,706.0
Yogurts,2021-03-29,3914.5299999999997,602.0
Yogurts,2021-03-30,3465.64,479.0
Yogurts,2021-03-31,3914.0,518.0
Yogurts,2021-04-01,3670.2,529.0
Yogurts,2021-04-02,4275.5599999999995,489.0
Yogurts,2021-04-03,3747.0099999999998,464.0
Yogurts,2021-04-04,4130.23,528.0
Yogurts,2021-04-05,3841.59,476.0
Yogurts,2021-04-06,4074.75,503.0
Yogurts,2021-04-07,3937.19,443.0
Yogurts,2021-04-08,3944.89,488.0
Yogurts,2021-04-09,3798.59,448.0
Yogurts,2021-04-10,3618.49,386.0
Yogurts,2021-04-11,3394.32,423.0
Yogurts,2021-04-12,3674.32,481.0
Yogurts,2021-04-13,3895.57,435.0
Yogurts,2021-04-14,4052.41,500.0
Yogurts,2021-04-15,6123.0,722.0
Yogurts,2021-04-16,5639.3,750.0
Yogurts,2021-04-17,5536.17,692.0
Yogurts,2021-04-18,4873.7,589.0
Yogurts,2021-04-19,4252.929999999999,538.0
Yogurts,2021-04-20,4583.86,534.0
Yogurts,2021-04-21,4040.83,488.0
Yogurts,2021-04-22,4666.2699999999995,667.0
Yogurts,2021-04-23,3539.3199999999997,521.0
Yogurts,2021-04-24,4635.5199999999995,658.0
Yogurts,2021-04-25,4511.22,625.0
Yogurts,2021-04-26,4216.8,630.0
Yogurts,2021-04-27,4351.36,590.0
Yogurts,2021-04-28,4086.7,527.0
Yogurts,2021-04-29,3479.98,428.0
Yogurts,2021-04-30,4036.0099999999998,386.0
Yogurts,2021-05-01,2734.1,298.0
Yogurts,2021-05-02,1496.31,172.0
Yogurts,2021-05-03,2922.73,385.0
Yogurts,2021-05-04,3779.6,393.0
Yogurts,2021-05-05,3288.84,438.0
Yogurts,2021-05-06,3007.71,319.0
Yogurts,2021-05-07,3366.12,433.0
Yogurts,2021-05-08,4014.08,492.0
Yogurts,2021-05-09,2647.93,301.0
Yogurts,2021-05-10,3093.75,383.0
Yogurts,2021-05-11,3079.0499999999997,380.0
Yogurts,2021-05-12,3564.84,423.0
Yogurts,2021-05-13,2900.65,325.0
Yogurts,2021-05-14,3075.47,371.0
Yogurts,2021-05-15,2842.5,314.0
Yogurts,2021-05-16,3290.94,373.0
Yogurts,2021-05-17,3939.56,443.0
Yogurts,2021-05-18,4209.63,490.0
Yogurts,2021-05-19,3277.5,395.0
Yogurts,2021-05-20,3176.18,355.0
Yogurts,2021-05-21,2752.93,279.0
Yogurts,2021-05-22,2478.5499999999997,273.0
Yogurts,2021-05-23,3232.23,398.0
Yogurts,2021-05-24,3299.2,404.0
Yogurts,2021-05-25,2823.5,337.0
Yogurts,2021-05-26,3534.67,399.0
Yogurts,2021-05-27,4732.67,553.0
Yogurts,2021-05-28,4934.36,556.0
Yogurts,2021-05-29,4701.57,581.0
Yogurts,2021-05-30,5063.9,632.0
Yogurts,2021-05-31,5009.0,587.0
Yogurts,2021-06-01,4196.68,522.0
Yogurts,2021-06-02,3581.39,439.0
Yogurts,2021-06-03,2917.71,370.0
Yogurts,2021-06-04,2852.24,318.0
Yogurts,2021-06-05,2483.6,360.0
Yogurts,2021-06-06,3486.83,407.0
Yogurts,2021-06-07,3763.52,391.0
Yogurts,2021-06-08,3607.66,369.0
Yogurts,2021-06-09,3560.57,410.0
Yogurts,2021-06-10,4277.24,628.0
Yogurts,2021-06-11,4444.4,660.0
Yogurts,2021-06-12,3765.6099999999997,540.0
Yogurts,2021-06-13,4304.23,618.0
Yogurts,2021-06-14,3687.6699999999996,490.0
Yogurts,2021-06-15,3538.8999999999996,451.0
Yogurts,2021-06-16,3871.2999999999997,483.0
Yogurts,2021-06-17,3162.41,411.0
Yogurts,2021-06-18,2832.52,307.0
Yogurts,2021-06-19,2876.23,322.0
Yogurts,2021-06-20,3010.23,339.0
Yogurts,2021-06-21,3494.54,387.0
Yogurts,2021-06-22,3447.27,346.0
Yogurts,2021-06-23,3221.39,396.0
Yogurts,2021-06-24,3281.9900000000002,392.0
Yogurts,2021-06-25,2808.27,313.0
Yogurts,2021-06-26,2832.15,348.0
Yogurts,2021-06-27,3009.22,337.0
Yogurts,2021-06-28,3289.95,346.0
Yogurts,2021-06-29,3606.74,403.0
Yogurts,2021-06-30,3163.77,372.0
Yogurts,2021-07-01,2610.69,252.0
Yogurts,2021-07-02,2483.89,327.0
Yogurts,2021-07-03,2648.75,325.0
Yogurts,2021-07-04,2930.25,320.0
Yogurts,2021-07-05,3464.1,370.0
